id_beneficiary,first_name,codeB
-1,Unknown,UNKNOWN
1,Derek,B1
2,Lori,B2
3,Holly,B3
4,Joshua,B4
5,Dennis,B5
6,Jason,B6
7,Karen,B7
8,Cheyenne,B8
9,Ricardo,B9
10,Jennifer,B10
11,Steven,B11
12,Anita,B12
13,Shannon,B13
14,Kevin,B14
15,Lisa,B15
16,Daniel,B16
17,Susan,B17
18,Michelle,B18
19,Douglas,B19
20,Daniel,B20
21,Todd,B21
22,Travis,B22
23,Sarah,B23
24,Alyssa,B24
25,Morgan,B25
26,Michael,B26
27,Danielle,B27
28,Patricia,B28
29,Matthew,B29
30,Andrea,B30
31,Christine,B31
32,Angela,B32
33,Mark,B33
34,Justin,B34
35,Debra,B35
36,Joel,B36
37,Makayla,B37
38,Vernon,B38
39,Dwayne,B39
40,Daniel,B40
41,William,B41
42,Scott,B42
43,Michael,B43
44,Christie,B44
45,Michael,B45
46,Sean,B46
47,Heather,B47
48,David,B48
49,Jeffrey,B49
50,Douglas,B50
51,Amanda,B51
52,Nicole,B52
53,Kathleen,B53
54,Michael,B54
55,Matthew,B55
56,Courtney,B56
57,Mary,B57
58,John,B58
59,Michael,B59
60,Katrina,B60
61,Elizabeth,B61
62,Bobby,B62
63,Sharon,B63
64,Sharon,B64
65,Joseph,B65
66,David,B66
67,Amy,B67
68,James,B68
69,Jessica,B69
70,Steven,B70
71,Jeffrey,B71
72,Michael,B72
73,Aaron,B73
74,Christine,B74
75,Emma,B75
76,Anthony,B76
77,Amy,B77
78,James,B78
79,Sandy,B79
80,Kiara,B80
81,Julie,B81
82,Dale,B82
83,Anthony,B83
84,William,B84
85,William,B85
86,Jessica,B86
87,Debra,B87
88,Susan,B88
89,Robert,B89
90,Rebecca,B90
92,Andrea,B92
93,Anthony,B93
94,Joshua,B94
95,Miranda,B95
96,Christy,B96
97,Stephanie,B97
98,Ethan,B98
99,Jose,B99
100,Joseph,B100
101,Tracey,B101
102,Maria,B102
103,Erin,B103
104,Amy,B104
105,Stephen,B105
106,Mary,B106
107,Caleb,B107
108,Patty,B108
109,Jesse,B109
110,Paul,B110
111,Samantha,B111
112,Amanda,B112
113,Jennifer,B113
114,Dawn,B114
115,Melanie,B115
117,Adam,B117
118,James,B118
119,Alicia,B119
120,Ethan,B120
121,Michael,B121
122,Matthew,B122
123,Douglas,B123
124,Carmen,B124
125,Thomas,B125
126,Carolyn,B126
127,Kimberly,B127
128,Michelle,B128
129,Alexa,B129
130,Curtis,B130
131,Anthony,B131
132,Lynn,B132
134,Tommy,B134
135,Thomas,B135
136,Brian,B136
137,Lisa,B137
138,Nicole,B138
139,Joseph,B139
140,Anthony,B140
141,Leah,B141
142,Joseph,B142
143,Alexis,B143
144,Samuel,B144
145,Robin,B145
146,Martin,B146
147,Willie,B147
148,Cynthia,B148
149,Taylor,B149
150,Michael,B150
151,Lisa,B151
152,Steven,B152
153,Joyce,B153
154,Cory,B154
155,Thomas,B155
156,Tracey,B156
157,Allen,B157
158,Curtis,B158
159,Kellie,B159
160,Laura,B160
161,Russell,B161
162,Andrew,B162
163,Rebecca,B163
164,William,B164
165,Heather,B165
166,Nicholas,B166
167,Andrew,B167
168,James,B168
169,Amy,B169
170,Michael,B170
171,Jeremiah,B171
172,Beth,B172
173,Janet,B173
174,Paul,B174
175,Dawn,B175
176,Matthew,B176
177,Stephen,B177
178,Brian,B178
179,Paul,B179
180,Debra,B180
181,Anthony,B181
182,Tara,B182
183,Michelle,B183
184,Nicole,B184
185,Tonya,B185
186,Jesus,B186
187,David,B187
188,Michael,B188
189,Kimberly,B189
190,Jeremy,B190
191,Amy,B191
192,Ariana,B192
193,Gary,B193
194,Anthony,B194
195,Paul,B195
196,Mike,B196
197,James,B197
198,Adam,B198
199,Timothy,B199
200,Haley,B200
201,Paul,B201
202,Curtis,B202
203,Holly,B203
204,Johnny,B204
206,Bruce,B206
207,Jose,B207
208,Steven,B208
209,Maria,B209
210,Edward,B210
211,Charles,B211
212,Lisa,B212
213,Douglas,B213
214,Miguel,B214
216,Jesus,B216
217,Breanna,B217
218,Daniel,B218
219,Larry,B219
220,Erik,B220
221,Jason,B221
222,Charles,B222
223,Julia,B223
224,Scott,B224
225,Jerry,B225
226,Adam,B226
227,Alexis,B227
228,Barbara,B228
229,Justin,B229
230,Stephen,B230
231,Austin,B231
232,Kelsey,B232
233,Jessica,B233
234,Victor,B234
235,Kayla,B235
236,Andrea,B236
237,Jennifer,B237
238,Tracie,B238
239,Matthew,B239
240,Jacob,B240
242,Ashley,B242
243,Richard,B243
244,Susan,B244
245,Curtis,B245
246,Susan,B246
247,Ashley,B247
248,Cole,B248
249,Jason,B249
250,John,B250
251,Angela,B251
252,Candace,B252
253,Katelyn,B253
254,Katherine,B254
255,Alice,B255
256,Jeffrey,B256
257,Stephanie,B257
258,Isaac,B258
259,Erica,B259
260,Pamela,B260
261,James,B261
262,Joshua,B262
263,Ernest,B263
264,Holly,B264
265,Ann,B265
266,Debbie,B266
267,Amy,B267
268,Jamie,B268
269,Courtney,B269
270,Jorge,B270
271,Lori,B271
272,David,B272
273,Tammy,B273
274,Sherry,B274
275,Elizabeth,B275
276,Michael,B276
277,Crystal,B277
278,Thomas,B278
279,John,B279
280,Michael,B280
281,Dawn,B281
282,Zachary,B282
283,Aaron,B283
284,Timothy,B284
285,Peter,B285
286,Dave,B286
287,Jennifer,B287
288,Wesley,B288
289,Crystal,B289
290,Frank,B290
291,Douglas,B291
292,Jared,B292
293,Daniel,B293
294,Henry,B294
295,Tammy,B295
296,Scott,B296
297,Cheryl,B297
298,Mark,B298
299,Paul,B299
300,Steven,B300
301,Mark,B301
302,Kenneth,B302
303,Peter,B303
304,William,B304
305,Sean,B305
306,Nicholas,B306
307,Mary,B307
308,Colin,B308
309,Barbara,B309
310,Zoe,B310
311,Matthew,B311
312,Laura,B312
313,Gary,B313
314,Cristian,B314
315,Adrienne,B315
316,Linda,B316
317,Jose,B317
319,Sandra,B319
320,Sandra,B320
321,Jeffrey,B321
322,Joshua,B322
323,Shelby,B323
324,Denise,B324
325,Brian,B325
326,Shannon,B326
327,Melissa,B327
328,Jessica,B328
329,Elizabeth,B329
330,Barbara,B330
331,Lacey,B331
332,Andrew,B332
333,Gina,B333
334,Cathy,B334
335,Isabella,B335
336,Jeremy,B336
337,Ashley,B337
338,Michael,B338
339,Julie,B339
340,Joanne,B340
341,Leon,B341
342,Sharon,B342
343,Sonia,B343
344,Alexander,B344
345,Alicia,B345
346,Leslie,B346
347,Kenneth,B347
348,Richard,B348
349,Matthew,B349
350,John,B350
351,Justin,B351
352,David,B352
353,John,B353
354,Beverly,B354
355,Dustin,B355
356,Nicholas,B356
357,Christina,B357
358,Abigail,B358
359,Jonathan,B359
360,Mark,B360
361,Jason,B361
362,Darlene,B362
363,Suzanne,B363
364,Allen,B364
365,Andre,B365
366,Tyrone,B366
367,Kyle,B367
368,Jermaine,B368
369,Cindy,B369
370,Martin,B370
371,Erin,B371
372,Johnny,B372
373,Jennifer,B373
374,Carl,B374
375,Charles,B375
376,Tammy,B376
377,Alexandra,B377
378,Bradley,B378
379,Jeffrey,B379
380,Jason,B380
381,Ryan,B381
382,Tammy,B382
383,Vicki,B383
384,Jodi,B384
385,Michael,B385
387,Richard,B387
388,Michael,B388
389,Douglas,B389
390,Tiffany,B390
391,Jeff,B391
392,Emily,B392
393,Robert,B393
394,Aaron,B394
395,Lindsay,B395
396,Amanda,B396
397,Felicia,B397
398,Susan,B398
400,Justin,B400
401,Jill,B401
402,Daniel,B402
403,Edward,B403
404,Jennifer,B404
405,Anthony,B405
406,Monique,B406
407,Jacob,B407
409,Scott,B409
410,Kelly,B410
411,Matthew,B411
413,Ashley,B413
414,Jennifer,B414
415,Kirsten,B415
416,Donna,B416
417,Kyle,B417
418,Kelly,B418
419,Derek,B419
420,Catherine,B420
421,Thomas,B421
422,Jackie,B422
423,Paula,B423
424,James,B424
425,John,B425
426,Michael,B426
427,Jessica,B427
428,Lynn,B428
429,Megan,B429
430,Andrew,B430
431,Daniel,B431
432,Mary,B432
433,Joshua,B433
434,Mikayla,B434
436,Xavier,B436
437,Kevin,B437
438,Kimberly,B438
439,William,B439
440,Cody,B440
441,David,B441
442,Heather,B442
443,Michelle,B443
444,Cheryl,B444
445,Andrew,B445
446,Jill,B446
447,Brittany,B447
448,Katherine,B448
449,Keith,B449
450,Roger,B450
451,Autumn,B451
452,Mark,B452
453,David,B453
454,Alexandra,B454
455,Regina,B455
456,Dawn,B456
457,Samantha,B457
458,Sandy,B458
460,Cole,B460
461,William,B461
462,Devon,B462
463,Cory,B463
464,Joshua,B464
465,Emily,B465
466,Randy,B466
467,Barbara,B467
468,Kelly,B468
469,Thomas,B469
470,Gerald,B470
471,Robert,B471
472,Ashley,B472
474,Mary,B474
475,Whitney,B475
476,Luke,B476
477,Jonathan,B477
478,Sharon,B478
479,Robert,B479
480,Marie,B480
481,Dennis,B481
482,Michele,B482
483,Scott,B483
484,Andrea,B484
485,Stephanie,B485
486,Ashley,B486
488,John,B488
489,Laura,B489
490,Dillon,B490
491,Ashley,B491
492,Lawrence,B492
493,Albert,B493
494,David,B494
495,Nicole,B495
496,Krista,B496
497,Timothy,B497
498,Lonnie,B498
499,Jennifer,B499
500,Cheyenne,B500
501,Sean,B501
502,Regina,B502
503,Danny,B503
504,Jonathan,B504
505,Karen,B505
507,Ernest,B507
508,Brandi,B508
509,Shannon,B509
510,Richard,B510
511,Blake,B511
512,Robert,B512
513,Natalie,B513
514,Robert,B514
515,Sarah,B515
516,Lawrence,B516
517,Melissa,B517
518,Charlotte,B518
519,Patricia,B519
520,Robert,B520
521,Diana,B521
522,Joseph,B522
523,David,B523
524,Matthew,B524
525,Reginald,B525
526,Victoria,B526
528,Katherine,B528
529,Paul,B529
530,Lisa,B530
531,Michael,B531
532,Melanie,B532
533,Robin,B533
534,Lorraine,B534
535,Michael,B535
536,Richard,B536
537,John,B537
538,Brian,B538
539,Dave,B539
540,Lauren,B540
541,Sarah,B541
542,Cynthia,B542
543,Wesley,B543
544,Dave,B544
545,Sonia,B545
546,Robert,B546
547,Sharon,B547
548,Rachel,B548
549,Sydney,B549
550,Joseph,B550
551,Adrian,B551
552,Kathy,B552
553,Anthony,B553
554,Jeremiah,B554
555,Stephanie,B555
556,Debra,B556
557,Daniel,B557
558,Elijah,B558
559,Matthew,B559
561,Julie,B561
562,Melissa,B562
563,Barbara,B563
564,Linda,B564
565,Alex,B565
566,Pamela,B566
567,Amanda,B567
568,Hannah,B568
569,Cynthia,B569
570,Mariah,B570
571,Justin,B571
572,Ashley,B572
573,Mark,B573
574,Alyssa,B574
575,Courtney,B575
576,Robin,B576
577,Nicole,B577
578,Justin,B578
579,David,B579
580,Aaron,B580
581,Marcia,B581
582,Samantha,B582
583,Cory,B583
584,Brett,B584
585,Peter,B585
586,Lisa,B586
587,Stephen,B587
588,Ryan,B588
589,Matthew,B589
590,Charles,B590
591,Emma,B591
592,Scott,B592
593,Mark,B593
594,Brett,B594
596,Sheila,B596
597,Jonathan,B597
598,Erin,B598
599,Melissa,B599
600,Elizabeth,B600
601,Beth,B601
602,Daniel,B602
604,Amy,B604
605,Maria,B605
606,Robert,B606
607,David,B607
608,Paul,B608
609,Robert,B609
610,Nathan,B610
611,Jessica,B611
612,Teresa,B612
613,Tricia,B613
614,Denise,B614
615,Rachel,B615
616,Julie,B616
617,Jessica,B617
618,Erin,B618
619,Heather,B619
620,Heather,B620
621,Toni,B621
622,Caroline,B622
624,Victoria,B624
625,Luis,B625
626,Anthony,B626
627,Dana,B627
628,Danielle,B628
629,Luis,B629
630,Thomas,B630
631,Ashley,B631
632,Sheila,B632
633,Tina,B633
634,Kim,B634
635,Kathleen,B635
636,David,B636
637,Luis,B637
638,Lisa,B638
639,Daniel,B639
640,Billy,B640
641,Daniel,B641
642,Veronica,B642
643,Kevin,B643
644,Bianca,B644
645,Ernest,B645
646,Joel,B646
647,Rachel,B647
648,Miranda,B648
649,Haley,B649
650,Alexis,B650
651,Hailey,B651
652,Robert,B652
653,Lauren,B653
654,Chase,B654
656,Stephen,B656
657,Sarah,B657
658,Dawn,B658
659,Tina,B659
660,Isaac,B660
661,Andrew,B661
662,Madison,B662
663,Bradley,B663
664,Jill,B664
665,Ricardo,B665
666,Noah,B666
667,Angela,B667
668,John,B668
669,Robert,B669
670,Alyssa,B670
671,Sarah,B671
672,Pam,B672
673,Spencer,B673
674,Kenneth,B674
675,Barbara,B675
676,Lawrence,B676
677,Robert,B677
678,Megan,B678
679,Kiara,B679
680,Megan,B680
681,Dana,B681
682,Matthew,B682
683,Candice,B683
684,Kristin,B684
685,Ian,B685
686,Karen,B686
687,Alexandra,B687
688,Mario,B688
689,Marco,B689
690,Rebecca,B690
691,Jeffrey,B691
692,Matthew,B692
693,Michael,B693
694,Daniel,B694
695,Kelli,B695
696,Curtis,B696
697,Daniel,B697
698,Krista,B698
699,Stephanie,B699
700,Nicole,B700
701,Kristin,B701
702,Lisa,B702
703,Kara,B703
704,Kaitlyn,B704
705,Brian,B705
706,Amanda,B706
707,Mary,B707
708,Stacy,B708
709,Cindy,B709
710,Susan,B710
711,Ana,B711
712,Elizabeth,B712
713,Eric,B713
714,Linda,B714
715,Elizabeth,B715
716,Mark,B716
717,Emily,B717
718,Nicholas,B718
719,Amber,B719
720,Becky,B720
721,Scott,B721
722,Mary,B722
723,Samuel,B723
724,Nicole,B724
725,Kayla,B725
726,Susan,B726
727,Adam,B727
728,Janet,B728
729,Laurie,B729
730,Maria,B730
731,Justin,B731
732,Sarah,B732
733,Becky,B733
734,Theresa,B734
735,Carlos,B735
736,Bobby,B736
737,James,B737
738,Christine,B738
739,Jennifer,B739
740,Dakota,B740
741,Tanya,B741
742,Darren,B742
743,Catherine,B743
744,Carolyn,B744
745,Adam,B745
746,Mark,B746
747,Jose,B747
748,Sarah,B748
749,Jennifer,B749
750,Ashley,B750
751,Douglas,B751
753,Rebekah,B753
754,Rita,B754
755,Joseph,B755
756,Bianca,B756
757,Rita,B757
758,Darlene,B758
759,Sarah,B759
760,Jennifer,B760
761,Michael,B761
762,Scott,B762
763,Hannah,B763
764,Hannah,B764
765,Jason,B765
766,Maria,B766
767,Stephen,B767
768,Emily,B768
769,Michael,B769
770,John,B770
771,Caleb,B771
772,Rebecca,B772
773,Elizabeth,B773
774,Andrea,B774
775,Anthony,B775
776,Andrea,B776
777,Colin,B777
778,Noah,B778
779,Natalie,B779
780,Stephanie,B780
781,Nicole,B781
782,Denise,B782
783,Diane,B783
784,Jessica,B784
785,Ashley,B785
786,Robert,B786
787,William,B787
788,Lisa,B788
789,Jennifer,B789
790,Joseph,B790
791,Andrew,B791
792,Jonathan,B792
793,Cole,B793
794,Stephen,B794
795,Doris,B795
796,David,B796
797,Danielle,B797
798,Michael,B798
799,Stephen,B799
800,Kelly,B800
801,Michele,B801
802,Teresa,B802
803,Michael,B803
804,Eric,B804
805,Jennifer,B805
806,Robert,B806
807,Lauren,B807
808,Monica,B808
809,Debra,B809
810,Denise,B810
811,Christina,B811
812,Lisa,B812
813,Lance,B813
814,Robert,B814
815,Kimberly,B815
816,Heather,B816
817,John,B817
819,Katie,B819
820,Taylor,B820
821,Eugene,B821
822,Melissa,B822
823,Kenneth,B823
824,Gregory,B824
826,Derek,B826
827,Kyle,B827
828,Stephen,B828
829,Timothy,B829
830,John,B830
831,Mark,B831
832,Carol,B832
834,Joshua,B834
835,Eric,B835
836,Megan,B836
837,Brandon,B837
838,Charles,B838
839,Matthew,B839
840,Nathan,B840
841,Terri,B841
842,Patricia,B842
843,Ashley,B843
844,Timothy,B844
845,Katherine,B845
846,Bradley,B846
847,Michael,B847
848,John,B848
849,Deborah,B849
850,Amanda,B850
851,Emily,B851
853,Kari,B853
854,Seth,B854
855,Courtney,B855
856,Joshua,B856
858,Jamie,B858
859,Brent,B859
860,Kevin,B860
861,Holly,B861
862,William,B862
863,Dawn,B863
864,Brittany,B864
865,Megan,B865
866,Cindy,B866
867,Joy,B867
868,Kelly,B868
869,Joseph,B869
870,Michael,B870
871,Michelle,B871
872,Matthew,B872
873,Vincent,B873
874,Travis,B874
875,Abigail,B875
876,Ryan,B876
878,Deanna,B878
879,Tracy,B879
880,Brian,B880
881,Christine,B881
882,Ashley,B882
883,Amanda,B883
884,Savannah,B884
885,John,B885
886,Jennifer,B886
887,Sheila,B887
888,Charlene,B888
889,Charlotte,B889
890,Misty,B890
891,Scott,B891
892,Jeffery,B892
893,Rodney,B893
894,Richard,B894
895,Sharon,B895
896,Kevin,B896
897,Rachel,B897
898,Lawrence,B898
899,Lisa,B899
900,Mark,B900
901,Daniel,B901
902,Anna,B902
903,David,B903
904,Michael,B904
905,Morgan,B905
906,Thomas,B906
907,Andrew,B907
908,Carol,B908
909,Scott,B909
910,Matthew,B910
911,Brandon,B911
913,Matthew,B913
914,Alexandra,B914
915,Carl,B915
916,Jasmine,B916
917,Traci,B917
918,Timothy,B918
919,Christina,B919
920,Eric,B920
921,Cassandra,B921
922,Michael,B922
923,Stephanie,B923
924,Connie,B924
925,Heather,B925
926,Jeffrey,B926
927,Cindy,B927
928,Veronica,B928
929,Charles,B929
930,Joseph,B930
931,Lisa,B931
932,Christine,B932
933,Meghan,B933
934,Debra,B934
935,Jonathon,B935
936,Alicia,B936
937,Nicholas,B937
938,Margaret,B938
939,Joel,B939
940,Brian,B940
941,David,B941
942,Sean,B942
943,Richard,B943
944,Sandra,B944
945,Dawn,B945
946,Christina,B946
947,Kristen,B947
948,Angela,B948
949,Katelyn,B949
950,Nicole,B950
951,Kyle,B951
952,Ethan,B952
953,David,B953
954,Daniel,B954
955,John,B955
956,Courtney,B956
957,Misty,B957
958,Colin,B958
959,Tyler,B959
960,James,B960
961,Michael,B961
962,Tina,B962
963,Wayne,B963
964,Richard,B964
966,Anthony,B966
967,James,B967
968,Tracy,B968
969,Karen,B969
970,Tiffany,B970
971,Jason,B971
972,Thomas,B972
973,Audrey,B973
974,Alexis,B974
975,Wesley,B975
976,Amy,B976
977,Stephanie,B977
978,Michael,B978
979,Elizabeth,B979
980,Lisa,B980
981,Charles,B981
982,Douglas,B982
983,Brenda,B983
984,Wesley,B984
985,Julia,B985
986,Shannon,B986
987,Jeffrey,B987
988,Jennifer,B988
989,Jamie,B989
990,Rachel,B990
991,Anthony,B991
992,Rita,B992
993,Michael,B993
994,Richard,B994
995,Cynthia,B995
996,Marcus,B996
997,Connie,B997
998,Jennifer,B998
999,Aaron,B999
1000,Jocelyn,B1000
1001,Andre,B1001
1002,Grace,B1002
1003,Juan,B1003
1004,Nathan,B1004
1005,Richard,B1005
1006,Juan,B1006
1007,Brian,B1007
1008,David,B1008
1009,Julie,B1009
1010,Anthony,B1010
1011,Susan,B1011
1012,Alex,B1012
1013,Lauren,B1013
1014,Dakota,B1014
1015,Stephen,B1015
1016,Kelly,B1016
1017,Richard,B1017
1018,Maria,B1018
1019,Christine,B1019
1020,Lisa,B1020
1021,Cassandra,B1021
1022,Tina,B1022
1023,Richard,B1023
1024,Craig,B1024
1025,William,B1025
1026,Meghan,B1026
1027,Ashley,B1027
1028,Alvin,B1028
1029,Hannah,B1029
1030,Katherine,B1030
1031,Taylor,B1031
1032,Amanda,B1032
1033,Dana,B1033
1034,Austin,B1034
1035,Joseph,B1035
1036,Bobby,B1036
1037,Stephanie,B1037
1038,Anne,B1038
1039,Shawn,B1039
1040,Jennifer,B1040
1041,Carlos,B1041
1042,Noah,B1042
1043,Kaitlyn,B1043
1044,Kelly,B1044
1045,Stephanie,B1045
1046,Heidi,B1046
1047,Michael,B1047
1048,Darren,B1048
1049,Samuel,B1049
1050,Stephanie,B1050
1051,Malik,B1051
1052,Joseph,B1052
1053,Jamie,B1053
1054,Joseph,B1054
1055,Maria,B1055
1056,Spencer,B1056
1057,Amy,B1057
1058,Annette,B1058
1059,Eric,B1059
1060,Marissa,B1060
1061,Kyle,B1061
1062,Debra,B1062
1063,Anthony,B1063
1064,Sara,B1064
1065,Carlos,B1065
1066,Barbara,B1066
1067,Lance,B1067
1068,Michael,B1068
1069,Bryan,B1069
1070,Marvin,B1070
1071,Miguel,B1071
1072,Michelle,B1072
1073,Carolyn,B1073
1074,Ian,B1074
1075,Brian,B1075
1076,Robert,B1076
1077,Misty,B1077
1078,Kenneth,B1078
1079,Debra,B1079
1080,Bernard,B1080
1081,Christie,B1081
1082,Peter,B1082
1083,Bridget,B1083
1084,Kenneth,B1084
1085,Kenneth,B1085
1086,Antonio,B1086
1087,Dillon,B1087
1088,Marie,B1088
1089,Vicki,B1089
1090,Timothy,B1090
1091,Catherine,B1091
1092,Matthew,B1092
1093,Bradley,B1093
1094,Angela,B1094
1095,Latasha,B1095
1096,Amanda,B1096
1097,Kathy,B1097
1098,Kimberly,B1098
1099,Ashley,B1099
1100,Karen,B1100
1101,Matthew,B1101
1102,John,B1102
1103,Heather,B1103
1104,Angela,B1104
1105,Eric,B1105
1106,Jason,B1106
1107,Chad,B1107
1108,Benjamin,B1108
1109,Edwin,B1109
1110,James,B1110
1111,Kelly,B1111
1112,Jeffrey,B1112
1113,Dennis,B1113
1114,Marisa,B1114
1115,Andrew,B1115
1116,Jeffrey,B1116
1117,Eric,B1117
1118,Tara,B1118
1119,Cindy,B1119
1120,Hayley,B1120
1121,Tim,B1121
1122,Carol,B1122
1123,Molly,B1123
1124,Melissa,B1124
1125,Laura,B1125
1126,Shannon,B1126
1127,James,B1127
1129,Michelle,B1129
1130,Stephanie,B1130
1131,Thomas,B1131
1132,Benjamin,B1132
1133,April,B1133
1134,Karen,B1134
1135,Rebecca,B1135
1136,Jessica,B1136
1137,Russell,B1137
1138,Brian,B1138
1139,Matthew,B1139
1140,Robert,B1140
1141,Lindsay,B1141
1142,Kayla,B1142
1143,Patrick,B1143
1144,Felicia,B1144
1145,John,B1145
1146,Marco,B1146
1147,Jacob,B1147
1148,Lori,B1148
1149,Neil,B1149
1150,David,B1150
1151,Sarah,B1151
1152,Lisa,B1152
1153,Lisa,B1153
1154,Jonathan,B1154
1155,Rebekah,B1155
1156,James,B1156
1157,Linda,B1157
1158,Craig,B1158
1159,Alyssa,B1159
1160,Robert,B1160
1161,Brian,B1161
1162,David,B1162
1163,Mary,B1163
1164,Steve,B1164
1165,David,B1165
1166,Anthony,B1166
1167,Jeremy,B1167
1168,Stacey,B1168
1169,Brianna,B1169
1170,Roger,B1170
1171,Brian,B1171
1172,Steve,B1172
1173,Katherine,B1173
1174,Michael,B1174
1175,Kenneth,B1175
1176,Robert,B1176
1177,Ryan,B1177
1178,Matthew,B1178
1179,Bradley,B1179
1180,Margaret,B1180
1181,Stephanie,B1181
1182,Kevin,B1182
1183,Allison,B1183
1184,Nicole,B1184
1185,Thomas,B1185
1186,Kevin,B1186
1187,Michele,B1187
1188,Jennifer,B1188
1189,Cody,B1189
1190,Andrea,B1190
1191,Kevin,B1191
1192,Sandra,B1192
1193,Melissa,B1193
1194,Brian,B1194
1195,Tyler,B1195
1196,John,B1196
1197,Jamie,B1197
1198,Wendy,B1198
1199,Michael,B1199
1200,Laura,B1200
1201,Kelly,B1201
1202,Elizabeth,B1202
1203,Brianna,B1203
1204,Brandon,B1204
1205,Justin,B1205
1206,Joseph,B1206
1207,Steven,B1207
1208,Tracy,B1208
1209,Michael,B1209
1210,John,B1210
1211,Daisy,B1211
1212,Robin,B1212
1213,John,B1213
1214,Katelyn,B1214
1215,Samuel,B1215
1216,John,B1216
1217,Lisa,B1217
1218,Sherri,B1218
1219,Angela,B1219
1220,Sarah,B1220
1221,Jessica,B1221
1222,Peggy,B1222
1223,Natasha,B1223
1224,Mario,B1224
1225,Samantha,B1225
1226,Lisa,B1226
1227,Alexandra,B1227
1228,Jason,B1228
1229,Sandra,B1229
1230,Carrie,B1230
1231,Angela,B1231
1232,Angelica,B1232
1233,Melissa,B1233
1234,Alan,B1234
1235,Jennifer,B1235
1236,Michael,B1236
1238,Aaron,B1238
1239,Larry,B1239
1240,Peter,B1240
1241,Jeremy,B1241
1242,Travis,B1242
1243,David,B1243
1244,Leslie,B1244
1245,Erin,B1245
1246,Aaron,B1246
1247,Susan,B1247
1248,Stephanie,B1248
1249,Thomas,B1249
1250,Michael,B1250
1251,Jessica,B1251
1252,Todd,B1252
1253,Caitlyn,B1253
1254,Gary,B1254
1255,Samuel,B1255
1256,James,B1256
1257,Gabriel,B1257
1258,Susan,B1258
1259,Logan,B1259
1260,David,B1260
1261,Janice,B1261
1263,Michael,B1263
1264,John,B1264
1265,Austin,B1265
1266,Ashley,B1266
1267,Carol,B1267
1268,James,B1268
1269,Amber,B1269
1270,Michelle,B1270
1271,Philip,B1271
1272,Ricky,B1272
1273,James,B1273
1274,Douglas,B1274
1275,Benjamin,B1275
1276,Courtney,B1276
1277,Joyce,B1277
1278,Ronald,B1278
1279,Carla,B1279
1280,Michelle,B1280
1282,Renee,B1282
1283,John,B1283
1284,Amy,B1284
1285,Dawn,B1285
1286,Jose,B1286
1288,Monica,B1288
1289,Tara,B1289
1290,William,B1290
1291,Thomas,B1291
1292,Gilbert,B1292
1293,Alexandra,B1293
1294,Mario,B1294
1295,Robin,B1295
1296,Paul,B1296
1297,Bryan,B1297
1298,Shannon,B1298
1299,Richard,B1299
1300,Anna,B1300
1302,Angela,B1302
1303,Tammy,B1303
1304,Robert,B1304
1305,Patrick,B1305
1306,Rebecca,B1306
1307,Shelby,B1307
1308,Brenda,B1308
1309,Keith,B1309
1310,Molly,B1310
1311,Philip,B1311
1312,Jessica,B1312
1313,Susan,B1313
1314,Melanie,B1314
1315,Ashley,B1315
1316,Michael,B1316
1317,Patrick,B1317
1318,James,B1318
1319,Brian,B1319
1320,Sara,B1320
1321,Robert,B1321
1322,Eric,B1322
1323,Joshua,B1323
1324,Francisco,B1324
1325,Bobby,B1325
1326,James,B1326
1327,James,B1327
1328,Elizabeth,B1328
1329,Mary,B1329
1330,Crystal,B1330
1331,Kathleen,B1331
1332,Andrew,B1332
1333,Isabella,B1333
1334,Cassandra,B1334
1335,Richard,B1335
1336,Elaine,B1336
1337,Nicholas,B1337
1338,Richard,B1338
1339,Kelsey,B1339
1340,Joshua,B1340
1341,Annette,B1341
1342,Gregory,B1342
1343,James,B1343
1344,Michael,B1344
1345,Bradley,B1345
1346,Justin,B1346
1347,Paul,B1347
1348,Jesus,B1348
1349,Michael,B1349
1350,Ethan,B1350
1351,Cheryl,B1351
1352,Kevin,B1352
1354,Roberto,B1354
1355,Gina,B1355
1357,Patrick,B1357
1358,Chad,B1358
1359,Kathryn,B1359
1360,Gerald,B1360
1361,Steven,B1361
1362,Tammy,B1362
1363,Laura,B1363
1364,Danielle,B1364
1365,Monica,B1365
1366,Nicholas,B1366
1367,Tara,B1367
1368,Samuel,B1368
1369,Sandra,B1369
1370,Chase,B1370
1371,Michelle,B1371
1372,Michelle,B1372
1373,Jacob,B1373
1374,Keith,B1374
1375,Sarah,B1375
1376,William,B1376
1377,Leslie,B1377
1378,Jennifer,B1378
1379,Frank,B1379
1381,David,B1381
1382,Thomas,B1382
1383,Thomas,B1383
1384,Emily,B1384
1385,Brittany,B1385
1386,David,B1386
1387,Amy,B1387
1388,Dana,B1388
1389,Mark,B1389
1390,Veronica,B1390
1391,Carol,B1391
1392,Keith,B1392
1393,Brett,B1393
1394,Randy,B1394
1395,Erica,B1395
1396,James,B1396
1397,Steven,B1397
1398,Donald,B1398
1399,Richard,B1399
1400,David,B1400
1401,Stephanie,B1401
1402,Amy,B1402
1403,Tony,B1403
1405,Bryan,B1405
1406,Yolanda,B1406
1407,Ronnie,B1407
1408,Leah,B1408
1409,Robert,B1409
1410,Jamie,B1410
1411,Rachel,B1411
1412,Joel,B1412
1413,Jennifer,B1413
1414,Lisa,B1414
1415,John,B1415
1416,Kelly,B1416
1417,Thomas,B1417
1418,Kathryn,B1418
1419,Joseph,B1419
1420,Angel,B1420
1421,Louis,B1421
1422,Joan,B1422
1423,Margaret,B1423
1424,Antonio,B1424
1425,Andrew,B1425
1426,Johnathan,B1426
1427,Brian,B1427
1428,Ryan,B1428
1429,Joshua,B1429
1430,Rita,B1430
1431,Travis,B1431
1432,Jennifer,B1432
1433,Joseph,B1433
1434,David,B1434
1435,Jeremy,B1435
1436,Angela,B1436
1437,Brittany,B1437
1438,Jennifer,B1438
1439,Patty,B1439
1440,Dawn,B1440
1441,Cameron,B1441
1442,Veronica,B1442
1443,Suzanne,B1443
1444,Jared,B1444
1445,Travis,B1445
1446,Adam,B1446
1447,Ashley,B1447
1448,Virginia,B1448
1449,John,B1449
1450,Carla,B1450
1451,Christine,B1451
1452,Victoria,B1452
1453,Michael,B1453
1454,Carol,B1454
1455,Michael,B1455
1456,Erica,B1456
1458,Amber,B1458
1459,Jessica,B1459
1460,Kevin,B1460
1461,Troy,B1461
1462,Whitney,B1462
1463,Sarah,B1463
1464,Sarah,B1464
1465,Caroline,B1465
1466,Anthony,B1466
1467,Leslie,B1467
1468,Joshua,B1468
1469,Matthew,B1469
1470,Andrew,B1470
1471,Adam,B1471
1472,Ashley,B1472
1473,Albert,B1473
1474,Andrew,B1474
1475,Brandon,B1475
1476,Katie,B1476
1477,Lee,B1477
1478,Travis,B1478
1479,Brittany,B1479
1480,Danielle,B1480
1481,Lindsey,B1481
1482,Robin,B1482
1483,Jessica,B1483
1484,Tara,B1484
1485,Beverly,B1485
1486,Matthew,B1486
1487,Brett,B1487
1488,David,B1488
1489,Andrea,B1489
1490,Kathy,B1490
1491,Carlos,B1491
1492,Diane,B1492
1493,Julie,B1493
1494,Ann,B1494
1495,Cindy,B1495
1496,Corey,B1496
1497,Jessica,B1497
1498,Amber,B1498
1499,Elizabeth,B1499
1500,Robert,B1500
1501,Lindsay,B1501
1503,Roger,B1503
1504,Renee,B1504
1505,Brian,B1505
1506,Natalie,B1506
1507,Margaret,B1507
1508,Cynthia,B1508
1509,Darrell,B1509
1510,Joe,B1510
1512,James,B1512
1513,Melissa,B1513
1514,Brittany,B1514
1515,Shelley,B1515
1516,Suzanne,B1516
1517,Philip,B1517
1518,Tyler,B1518
1519,Tyler,B1519
1520,Stephen,B1520
1521,Kimberly,B1521
1522,Richard,B1522
1523,Jose,B1523
1524,Christina,B1524
1525,Donna,B1525
1526,Gregory,B1526
1527,Joyce,B1527
1528,Kimberly,B1528
1529,Caitlin,B1529
1530,Jeanne,B1530
1531,Lindsey,B1531
1532,Timothy,B1532
1533,Jonathan,B1533
1534,Paula,B1534
1535,Ashley,B1535
1536,Lisa,B1536
1537,Mary,B1537
1539,Paul,B1539
1540,Nicholas,B1540
1541,Tyler,B1541
1542,Kevin,B1542
1543,Christina,B1543
1544,Cheryl,B1544
1545,Hailey,B1545
1546,Cody,B1546
1547,Taylor,B1547
1548,Nicholas,B1548
1549,Jill,B1549
1550,Mark,B1550
1551,Tyler,B1551
1552,Robert,B1552
1553,Karina,B1553
1554,Melissa,B1554
1555,Regina,B1555
1556,Wanda,B1556
1557,Matthew,B1557
1558,John,B1558
1559,Brittany,B1559
1560,Melinda,B1560
1562,Jorge,B1562
1563,Michael,B1563
1564,Christine,B1564
1565,Donna,B1565
1566,Alexis,B1566
1567,Tanya,B1567
1568,Benjamin,B1568
1570,Johnathan,B1570
1571,Courtney,B1571
1572,Michele,B1572
1573,Tracey,B1573
1574,Jean,B1574
1575,Diana,B1575
1576,Donna,B1576
1577,Julie,B1577
1578,Molly,B1578
1579,Jonathan,B1579
1580,Aaron,B1580
1581,Keith,B1581
1582,Sharon,B1582
1583,Jacob,B1583
1584,Felicia,B1584
1585,Angela,B1585
1586,Bradley,B1586
1587,William,B1587
1588,William,B1588
1589,Gordon,B1589
1590,Jeffrey,B1590
1591,Laurie,B1591
1592,Tammy,B1592
1593,Randy,B1593
1594,Devon,B1594
1595,Cynthia,B1595
1596,John,B1596
1597,Michael,B1597
1598,Elizabeth,B1598
1599,Brittany,B1599
1600,Joseph,B1600
1601,Michael,B1601
1602,Dennis,B1602
1603,Danielle,B1603
1604,Henry,B1604
1605,Steven,B1605
1606,Donald,B1606
1607,Terri,B1607
1608,Monique,B1608
1609,Peter,B1609
1610,Emily,B1610
1611,Elizabeth,B1611
1612,Amanda,B1612
1613,Daniel,B1613
1614,Bradley,B1614
1615,Erin,B1615
1616,Jorge,B1616
1617,Stacey,B1617
1618,Jonathan,B1618
1619,Robert,B1619
1620,Michael,B1620
1621,Aaron,B1621
1622,Jose,B1622
1623,Sharon,B1623
1624,Jessica,B1624
1625,Dana,B1625
1626,Charles,B1626
1628,Rachel,B1628
1629,Brian,B1629
1630,Robert,B1630
1631,Arthur,B1631
1632,Ashley,B1632
1633,Charles,B1633
1634,Stacey,B1634
1636,Bobby,B1636
1637,Gregory,B1637
1638,Megan,B1638
1639,Stephanie,B1639
1640,Melinda,B1640
1641,Johnny,B1641
1642,Nicholas,B1642
1643,Keith,B1643
1644,Joseph,B1644
1645,Daniel,B1645
1646,Lauren,B1646
1647,Mark,B1647
1648,Monica,B1648
1649,Richard,B1649
1650,Amanda,B1650
1651,Tony,B1651
1652,Heidi,B1652
1653,Lauren,B1653
1654,Leah,B1654
1655,Sophia,B1655
1656,Diane,B1656
1657,Paula,B1657
1658,Harold,B1658
1659,Scott,B1659
1660,Stephanie,B1660
1661,Tiffany,B1661
1663,Stacy,B1663
1664,Troy,B1664
1665,Derek,B1665
1666,Peter,B1666
1667,Jennifer,B1667
1668,James,B1668
1669,Lisa,B1669
1670,Michael,B1670
1671,Christina,B1671
1672,Tiffany,B1672
1673,Travis,B1673
1674,Alice,B1674
1675,Jennifer,B1675
1676,Edward,B1676
1677,Alexander,B1677
1678,Melissa,B1678
1679,Madison,B1679
1681,Kendra,B1681
1682,Taylor,B1682
1683,Douglas,B1683
1684,Julie,B1684
1685,Jonathan,B1685
1686,Antonio,B1686
1687,Michael,B1687
1688,Andrew,B1688
1689,Andrew,B1689
1690,Michael,B1690
1691,Lisa,B1691
1692,Caitlin,B1692
1693,Peter,B1693
1694,Blake,B1694
1695,Marissa,B1695
1696,Robert,B1696
1697,Scott,B1697
1698,Renee,B1698
1699,Michael,B1699
1700,Julie,B1700
1701,Vernon,B1701
1702,Nancy,B1702
1703,Joshua,B1703
1704,Andrew,B1704
1705,Jeremy,B1705
1706,Kristy,B1706
1707,Roger,B1707
1708,Maxwell,B1708
1709,Stacey,B1709
1711,Kayla,B1711
1712,Alexa,B1712
1713,Adam,B1713
1714,Jessica,B1714
1715,David,B1715
1716,Brian,B1716
1717,Victoria,B1717
1719,Austin,B1719
1720,Scott,B1720
1721,Chad,B1721
1722,Jessica,B1722
1723,Megan,B1723
1724,Jessica,B1724
1725,George,B1725
1726,Matthew,B1726
1727,Michael,B1727
1728,Brett,B1728
1729,Richard,B1729
1730,Katelyn,B1730
1731,Nicole,B1731
1732,Mindy,B1732
1733,Amy,B1733
1734,Ann,B1734
1735,Scott,B1735
1736,Karen,B1736
1737,Wesley,B1737
1738,Joyce,B1738
1739,Regina,B1739
1740,Denise,B1740
1741,Kyle,B1741
1742,Spencer,B1742
1743,Gregory,B1743
1744,Peter,B1744
1745,Lisa,B1745
1746,James,B1746
1747,James,B1747
1748,Lori,B1748
1749,Jeremy,B1749
1750,Theresa,B1750
1751,Alexandra,B1751
1752,Hannah,B1752
1753,Mary,B1753
1754,Jeffrey,B1754
1755,John,B1755
1756,Cheryl,B1756
1757,Elizabeth,B1757
1758,Melinda,B1758
1759,Jeremy,B1759
1760,Erin,B1760
1761,Stephanie,B1761
1762,Jennifer,B1762
1763,Heather,B1763
1764,Tracy,B1764
1765,Robert,B1765
1766,Marissa,B1766
1767,Joshua,B1767
1768,Adam,B1768
1769,Robert,B1769
1770,Christian,B1770
1771,Gregory,B1771
1772,Jennifer,B1772
1774,Lisa,B1774
1775,David,B1775
1776,Kimberly,B1776
1777,Tim,B1777
1778,Wendy,B1778
1779,April,B1779
1780,Jose,B1780
1781,Andrew,B1781
1782,Mark,B1782
1783,Eric,B1783
1784,Brittney,B1784
1785,Eric,B1785
1786,Tara,B1786
1787,Brett,B1787
1788,Erica,B1788
1789,Carolyn,B1789
1790,Madison,B1790
1791,Barry,B1791
1792,Rebecca,B1792
1793,Tanya,B1793
1794,Eric,B1794
1795,Frank,B1795
1796,Pamela,B1796
1797,Sandra,B1797
1798,Charles,B1798
1799,Jennifer,B1799
1800,Troy,B1800
1801,Kylie,B1801
1802,Sharon,B1802
1803,Deanna,B1803
1804,Elizabeth,B1804
1805,Ryan,B1805
1806,Kathy,B1806
1807,Larry,B1807
1808,Timothy,B1808
1809,Robert,B1809
1810,Monica,B1810
1811,Thomas,B1811
1812,Amy,B1812
1813,Maria,B1813
1814,Rodney,B1814
1815,Cassidy,B1815
1816,Timothy,B1816
1817,Stephanie,B1817
1818,Brian,B1818
1819,Daniel,B1819
1820,Dwayne,B1820
1821,Peter,B1821
1822,Timothy,B1822
1823,Katherine,B1823
1825,Christine,B1825
1826,Nathan,B1826
1827,Joe,B1827
1828,Donald,B1828
1829,Jeffery,B1829
1831,Edward,B1831
1832,Brenda,B1832
1833,Joseph,B1833
1834,Chris,B1834
1835,Andrea,B1835
1837,Tyler,B1837
1838,Lance,B1838
1839,Kimberly,B1839
1840,Melissa,B1840
1841,Katie,B1841
1843,Theresa,B1843
1844,Andrea,B1844
1845,Jack,B1845
1846,Tracy,B1846
1847,Nancy,B1847
1848,Michael,B1848
1849,Jerry,B1849
1850,Edwin,B1850
1851,Amy,B1851
1852,Heather,B1852
1853,Jesus,B1853
1854,Michael,B1854
1855,Joy,B1855
1856,Teresa,B1856
1857,Jaime,B1857
1858,Paula,B1858
1859,John,B1859
1860,Brenda,B1860
1861,Ashley,B1861
1862,Sara,B1862
1863,Deanna,B1863
1864,Darren,B1864
1865,Melanie,B1865
1866,Gregory,B1866
1867,Stephen,B1867
1868,Danielle,B1868
1869,Julie,B1869
1870,Jennifer,B1870
1871,John,B1871
1872,Seth,B1872
1873,Robert,B1873
1874,Kerry,B1874
1875,Samantha,B1875
1876,Allison,B1876
1877,Nicholas,B1877
1878,Ivan,B1878
1879,Tyler,B1879
1880,Kristin,B1880
1881,Marc,B1881
1882,Allison,B1882
1883,Heather,B1883
1884,Vincent,B1884
1885,Javier,B1885
1886,Matthew,B1886
1887,Charles,B1887
1888,John,B1888
1889,Carl,B1889
1890,Erica,B1890
1891,Nicholas,B1891
1892,Leah,B1892
1893,Connie,B1893
1894,Jennifer,B1894
1895,James,B1895
1896,Terrence,B1896
1897,Christian,B1897
1899,Steven,B1899
1900,Jeffrey,B1900
1901,Nathan,B1901
1902,Amanda,B1902
1903,Paul,B1903
1904,Andrea,B1904
1905,Eric,B1905
1906,Carol,B1906
1907,Joseph,B1907
1908,Christian,B1908
1909,James,B1909
1910,Jacob,B1910
1911,William,B1911
1912,Haley,B1912
1913,Jeffrey,B1913
1914,Anthony,B1914
1915,Kathleen,B1915
1917,Monique,B1917
1918,David,B1918
1919,Debra,B1919
1920,Marie,B1920
1921,Troy,B1921
1922,Samuel,B1922
1923,Justin,B1923
1924,Jeanette,B1924
1925,Rebecca,B1925
1926,Heather,B1926
1927,Glenn,B1927
1928,Christian,B1928
1929,Courtney,B1929
1931,Donald,B1931
1932,Brittany,B1932
1933,Kyle,B1933
1934,Amber,B1934
1935,John,B1935
1936,Jennifer,B1936
1937,Richard,B1937
1938,Amy,B1938
1939,Deanna,B1939
1940,Elizabeth,B1940
1941,Aaron,B1941
1942,Robert,B1942
1943,Joshua,B1943
1944,Joseph,B1944
1945,Matthew,B1945
1947,George,B1947
1948,Diane,B1948
1949,Nicole,B1949
1950,Kimberly,B1950
1951,Jeffery,B1951
1952,Molly,B1952
1953,Angela,B1953
1954,Luis,B1954
1956,Meghan,B1956
1957,Robert,B1957
1958,Kathryn,B1958
1959,Joyce,B1959
1960,Susan,B1960
1961,Savannah,B1961
1962,Melissa,B1962
1963,Lucas,B1963
1964,Madeline,B1964
1965,Janice,B1965
1966,Jennifer,B1966
1967,Paul,B1967
1968,Ashley,B1968
1969,Michelle,B1969
1970,Rebecca,B1970
1971,Scott,B1971
1972,Hayley,B1972
1973,Catherine,B1973
1974,Diane,B1974
1975,Karen,B1975
1977,Janet,B1977
1978,Michael,B1978
1979,Lance,B1979
1980,Shannon,B1980
1981,Blake,B1981
1982,William,B1982
1983,Stephen,B1983
1984,Jennifer,B1984
1985,Emily,B1985
1986,John,B1986
1987,Lori,B1987
1988,Ronald,B1988
1989,Jesse,B1989
1990,Christina,B1990
1991,Andrew,B1991
1992,Mary,B1992
1993,Richard,B1993
1994,John,B1994
1995,David,B1995
1996,Joanna,B1996
1997,April,B1997
1998,Kaitlyn,B1998
1999,Rebekah,B1999
2000,Catherine,B2000
2001,Joshua,B2001
2002,Alex,B2002
2003,Jay,B2003
2004,Benjamin,B2004
2005,Robert,B2005
2006,Elizabeth,B2006
2007,Lisa,B2007
2008,James,B2008
2009,Daniel,B2009
2010,Pamela,B2010
2011,Scott,B2011
2012,Ian,B2012
2013,Debbie,B2013
2014,Jared,B2014
2015,Carmen,B2015
2016,David,B2016
2017,Jodi,B2017
2018,Susan,B2018
2019,Brent,B2019
2020,Erica,B2020
2021,Brian,B2021
2022,Katie,B2022
2023,Darlene,B2023
2024,Penny,B2024
2025,Samantha,B2025
2026,Elizabeth,B2026
2027,Randall,B2027
2028,Jordan,B2028
2029,Denise,B2029
2030,Jerry,B2030
2031,James,B2031
2032,Thomas,B2032
2033,Zachary,B2033
2034,Angela,B2034
2035,Michael,B2035
2036,Yvonne,B2036
2037,Jennifer,B2037
2038,Nicole,B2038
2039,Steven,B2039
2040,Kenneth,B2040
2042,John,B2042
2043,Robert,B2043
2044,Amanda,B2044
2045,Jessica,B2045
2046,Timothy,B2046
2047,Tina,B2047
2048,David,B2048
2049,William,B2049
2050,Bradley,B2050
2051,Kurt,B2051
2052,Amanda,B2052
2053,Sonya,B2053
2054,Patrick,B2054
2055,Joshua,B2055
2056,Gina,B2056
2057,Pamela,B2057
2058,Jonathon,B2058
2059,Joshua,B2059
2060,Thomas,B2060
2061,Samantha,B2061
2062,Timothy,B2062
2063,Patrick,B2063
2064,Kathy,B2064
2066,Kristin,B2066
2067,John,B2067
2068,Cathy,B2068
2069,Victoria,B2069
2070,Maria,B2070
2071,Kathleen,B2071
2072,Cynthia,B2072
2073,James,B2073
2074,Susan,B2074
2075,Juan,B2075
2076,Kelly,B2076
2077,William,B2077
2078,Jennifer,B2078
2079,Paul,B2079
2080,Mark,B2080
2081,Timothy,B2081
2082,Jonathan,B2082
2083,Olivia,B2083
2084,Richard,B2084
2085,Jaime,B2085
2086,Emily,B2086
2087,Rebecca,B2087
2088,Sarah,B2088
2089,Carolyn,B2089
2090,Erin,B2090
2091,Wyatt,B2091
2092,Jennifer,B2092
2093,William,B2093
2094,Marie,B2094
2095,Justin,B2095
2096,Tina,B2096
2097,Ashley,B2097
2098,Wayne,B2098
2099,Shannon,B2099
2100,Erik,B2100
2101,Daniel,B2101
2102,Jasmine,B2102
2103,James,B2103
2104,Jeffery,B2104
2105,Kathleen,B2105
2106,Tammy,B2106
2107,Nicole,B2107
2108,Kristin,B2108
2109,Victoria,B2109
2110,Jennifer,B2110
2111,Melissa,B2111
2112,David,B2112
2113,Mario,B2113
2114,Clayton,B2114
2115,Brian,B2115
2116,Tracey,B2116
2117,Fernando,B2117
2118,Michelle,B2118
2119,Robin,B2119
2120,Michelle,B2120
2121,Tyler,B2121
2122,Edward,B2122
2123,Stacey,B2123
2124,Joshua,B2124
2125,Stephanie,B2125
2126,Jennifer,B2126
2127,Lauren,B2127
2128,Ashley,B2128
2129,Robert,B2129
2130,Traci,B2130
2131,Jessica,B2131
2132,Megan,B2132
2133,Bruce,B2133
2134,Penny,B2134
2135,Charles,B2135
2136,Lori,B2136
2137,Renee,B2137
2138,Barbara,B2138
2139,Lauren,B2139
2140,Ashlee,B2140
2141,Annette,B2141
2142,Jeremy,B2142
2143,Samuel,B2143
2144,Gordon,B2144
2145,Jeffery,B2145
2146,Kathryn,B2146
2148,Charles,B2148
2149,Austin,B2149
2150,Mason,B2150
2151,Victoria,B2151
2152,Brenda,B2152
2153,Kimberly,B2153
2154,Adam,B2154
2155,Eddie,B2155
2156,Anthony,B2156
2157,Jose,B2157
2158,Rachel,B2158
2159,James,B2159
2160,Frank,B2160
2161,Anthony,B2161
2162,Angel,B2162
2163,Julie,B2163
2164,Jimmy,B2164
2165,Amanda,B2165
2166,Andrew,B2166
2167,Cheryl,B2167
2168,Catherine,B2168
2169,Melissa,B2169
2170,Douglas,B2170
2171,Justin,B2171
2172,Dustin,B2172
2173,Steven,B2173
2174,April,B2174
2175,Jeffrey,B2175
2176,Shannon,B2176
2177,Robert,B2177
2178,Renee,B2178
2179,Debra,B2179
2180,Stephanie,B2180
2181,Kevin,B2181
2182,Lisa,B2182
2183,Tina,B2183
2184,Stephen,B2184
2185,Dana,B2185
2186,Hunter,B2186
2187,Eddie,B2187
2188,Randall,B2188
2189,Hannah,B2189
2190,Michele,B2190
2191,Donald,B2191
2192,Jill,B2192
2193,Linda,B2193
2194,Robert,B2194
2195,Carrie,B2195
2196,Eric,B2196
2197,Rebekah,B2197
2198,Gabriela,B2198
2199,Robert,B2199
2200,Dustin,B2200
2201,Helen,B2201
2202,Tina,B2202
2203,Michelle,B2203
2204,Victoria,B2204
2205,Danielle,B2205
2206,Misty,B2206
2208,Judy,B2208
2209,Cassidy,B2209
2211,Erica,B2211
2212,Jessica,B2212
2213,Audrey,B2213
2214,Nathan,B2214
2215,Robert,B2215
2216,Marissa,B2216
2217,Alexandra,B2217
2218,Andrew,B2218
2219,Courtney,B2219
2220,Wayne,B2220
2221,Antonio,B2221
2222,Douglas,B2222
2223,Tina,B2223
2224,Glenn,B2224
2225,Robin,B2225
2226,Misty,B2226
2227,Howard,B2227
2228,Katherine,B2228
2229,Vanessa,B2229
2230,Ivan,B2230
2231,Meghan,B2231
2232,Nicole,B2232
2233,Caleb,B2233
2234,Barbara,B2234
2235,Michael,B2235
2236,Daniel,B2236
2237,Ashley,B2237
2238,Ryan,B2238
2239,Amber,B2239
2240,Justin,B2240
2241,Bobby,B2241
2242,Katherine,B2242
2243,Kimberly,B2243
2244,Johnny,B2244
2245,Jeffery,B2245
2246,Chelsea,B2246
2247,Jordan,B2247
2248,Aaron,B2248
2249,Nicholas,B2249
2250,Vincent,B2250
2251,Terrence,B2251
2252,Deborah,B2252
2253,Peter,B2253
2254,Madison,B2254
2255,Daniel,B2255
2256,Michael,B2256
2257,Jennifer,B2257
2258,Michael,B2258
2259,Amanda,B2259
2260,Jane,B2260
2261,Robin,B2261
2262,Jonathan,B2262
2263,Lynn,B2263
2264,Christine,B2264
2265,Crystal,B2265
2266,Henry,B2266
2267,Stacy,B2267
2268,Robert,B2268
2269,Kyle,B2269
2270,Janet,B2270
2271,Leah,B2271
2272,Charlotte,B2272
2273,Stacey,B2273
2274,Timothy,B2274
2275,Nicole,B2275
2276,Eric,B2276
2277,Patrick,B2277
2278,Nancy,B2278
2279,Nicole,B2279
2280,Cody,B2280
2281,Aaron,B2281
2282,Edward,B2282
2283,Alicia,B2283
2284,Timothy,B2284
2285,Amy,B2285
2286,Dale,B2286
2287,Michael,B2287
2289,Ronald,B2289
2290,James,B2290
2291,Katherine,B2291
2292,Richard,B2292
2293,Rachel,B2293
2294,Samuel,B2294
2295,Pamela,B2295
2296,Ricky,B2296
2297,Mary,B2297
2298,Brian,B2298
2299,Jennifer,B2299
2300,Willie,B2300
2301,Cheryl,B2301
2302,Angela,B2302
2303,Jean,B2303
2304,Doris,B2304
2305,William,B2305
2306,Lisa,B2306
2307,Savannah,B2307
2308,Matthew,B2308
2309,Jorge,B2309
2310,Natalie,B2310
2312,Jennifer,B2312
2313,Jacob,B2313
2314,Steven,B2314
2315,Debbie,B2315
2316,Marcus,B2316
2317,Vanessa,B2317
2318,Ashley,B2318
2319,Alyssa,B2319
2320,Laura,B2320
2321,Christine,B2321
2322,Randy,B2322
2323,Zachary,B2323
2324,Sylvia,B2324
2325,Gilbert,B2325
2326,Rodney,B2326
2327,Denise,B2327
2328,Thomas,B2328
2329,Lisa,B2329
2330,Wayne,B2330
2331,Crystal,B2331
2332,Melinda,B2332
2333,Ronald,B2333
2334,Monica,B2334
2335,Megan,B2335
2336,Amber,B2336
2337,Judith,B2337
2338,Jill,B2338
2339,Paula,B2339
2340,Gregory,B2340
2341,Selena,B2341
2342,Mallory,B2342
2343,Daniel,B2343
2344,William,B2344
2345,Mackenzie,B2345
2346,Christine,B2346
2347,Ryan,B2347
2348,Candice,B2348
2349,Stephanie,B2349
2350,Kimberly,B2350
2351,Tanya,B2351
2352,Thomas,B2352
2353,Jessica,B2353
2354,Nicholas,B2354
2355,Samantha,B2355
2356,Anthony,B2356
2357,Daniel,B2357
2358,Kaitlyn,B2358
2359,Frank,B2359
2360,Melissa,B2360
2361,Sarah,B2361
2362,Kristen,B2362
2363,Alex,B2363
2364,Laurie,B2364
2365,Edward,B2365
2366,Jason,B2366
2367,Brian,B2367
2368,David,B2368
2369,Michael,B2369
2370,Dustin,B2370
2371,Steven,B2371
2372,Cory,B2372
2373,Robert,B2373
2375,Michelle,B2375
2376,Carla,B2376
2377,Melissa,B2377
2378,Julia,B2378
2379,Larry,B2379
2380,Michelle,B2380
2381,Lisa,B2381
2382,Daniel,B2382
2383,Paul,B2383
2384,Stephanie,B2384
2385,Joshua,B2385
2386,Samuel,B2386
2388,Danielle,B2388
2389,Hayley,B2389
2390,Jade,B2390
2391,Danielle,B2391
2392,Dustin,B2392
2393,Stephanie,B2393
2394,Bethany,B2394
2395,Michelle,B2395
2396,Amanda,B2396
2397,Jeremiah,B2397
2398,Ashley,B2398
2400,Mark,B2400
2401,Carlos,B2401
2402,Victoria,B2402
2403,Sara,B2403
2404,Thomas,B2404
2405,Adam,B2405
2406,Brian,B2406
2407,Samantha,B2407
2408,Carol,B2408
2409,Frederick,B2409
2410,Rachel,B2410
2411,Sarah,B2411
2412,Pamela,B2412
2413,Marcus,B2413
2414,Kelly,B2414
2415,Jill,B2415
2416,Daniel,B2416
2417,Yesenia,B2417
2418,Gregory,B2418
2419,Bryce,B2419
2420,Susan,B2420
2421,Donna,B2421
2423,Jodi,B2423
2424,Brian,B2424
2426,Cameron,B2426
2427,Crystal,B2427
2428,Brian,B2428
2429,Gerald,B2429
2430,Samantha,B2430
2431,Peter,B2431
2432,Dawn,B2432
2433,Donna,B2433
2434,Johnny,B2434
2435,Holly,B2435
2436,Sylvia,B2436
2437,Tiffany,B2437
2438,Denise,B2438
2439,Timothy,B2439
2440,Aaron,B2440
2441,Robert,B2441
2442,Alyssa,B2442
2443,Madeline,B2443
2444,Crystal,B2444
2445,Kerry,B2445
2446,Scott,B2446
2447,Brittney,B2447
2448,Paula,B2448
2449,Heather,B2449
2450,Mary,B2450
2451,George,B2451
2452,Brian,B2452
2453,Brian,B2453
2454,Jennifer,B2454
2455,Benjamin,B2455
2456,Brianna,B2456
2457,Jennifer,B2457
2458,Mitchell,B2458
2459,Alan,B2459
2460,Daniel,B2460
2461,Jessica,B2461
2462,Nicole,B2462
2463,Haley,B2463
2464,Madison,B2464
2465,Travis,B2465
2466,Julia,B2466
2467,Grace,B2467
2468,Ricardo,B2468
2469,Alexandra,B2469
2470,Justin,B2470
2471,Lindsay,B2471
2472,Scott,B2472
2473,Tyler,B2473
2474,Joshua,B2474
2475,Russell,B2475
2476,Jeremy,B2476
2477,James,B2477
2478,Elizabeth,B2478
2479,Michelle,B2479
2480,Christine,B2480
2481,Danielle,B2481
2482,Valerie,B2482
2483,Lisa,B2483
2484,Omar,B2484
2485,Jeremy,B2485
2486,Chloe,B2486
2487,Megan,B2487
2488,Joshua,B2488
2489,Alyssa,B2489
2490,Barry,B2490
2491,Adam,B2491
2492,Matthew,B2492
2493,Nicholas,B2493
2494,Angela,B2494
2495,Jason,B2495
2496,Steve,B2496
2497,Anthony,B2497
2498,Richard,B2498
2499,Joseph,B2499
2500,Robin,B2500
2501,Mia,B2501
2502,Jose,B2502
2503,Joseph,B2503
2504,Katie,B2504
2505,Robert,B2505
2506,Amber,B2506
2507,George,B2507
2508,Daniel,B2508
2511,Kelly,B2511
2512,Stephanie,B2512
2513,Marie,B2513
2514,Logan,B2514
2515,Emily,B2515
2516,Sydney,B2516
2517,Daniel,B2517
2518,Wendy,B2518
2519,William,B2519
2520,Richard,B2520
2521,Peter,B2521
2522,Heather,B2522
2523,Gerald,B2523
2524,Justin,B2524
2525,Robert,B2525
2526,Nancy,B2526
2527,Paul,B2527
2528,Dennis,B2528
2529,Julia,B2529
2530,Kristin,B2530
2531,Kenneth,B2531
2532,Amy,B2532
2533,Donald,B2533
2534,Kathy,B2534
2536,Mark,B2536
2537,William,B2537
2538,Kevin,B2538
2539,Tammy,B2539
2540,Mitchell,B2540
2541,David,B2541
2542,Lee,B2542
2543,David,B2543
2544,Sarah,B2544
2545,Amy,B2545
2546,Aaron,B2546
2547,Haley,B2547
2549,Lindsay,B2549
2550,John,B2550
2551,Bonnie,B2551
2552,Julie,B2552
2553,Patrick,B2553
2554,Amy,B2554
2555,Kimberly,B2555
2556,Kristen,B2556
2557,Sean,B2557
2558,Kathy,B2558
2559,Scott,B2559
2560,Kimberly,B2560
2561,Keith,B2561
2562,Steven,B2562
2563,Virginia,B2563
2564,Tracie,B2564
2565,Robert,B2565
2566,Sandy,B2566
2567,Adam,B2567
2568,Steve,B2568
2569,Matthew,B2569
2570,Kevin,B2570
2571,Jenny,B2571
2572,Abigail,B2572
2573,Frank,B2573
2574,David,B2574
2575,James,B2575
2576,Michael,B2576
2577,Hannah,B2577
2578,Michael,B2578
2579,Valerie,B2579
2580,Jason,B2580
2581,Janice,B2581
2582,April,B2582
2583,Danny,B2583
2584,Nicholas,B2584
2585,Amanda,B2585
2586,Michael,B2586
2587,Michael,B2587
2588,Joshua,B2588
2589,Amanda,B2589
2590,Lindsey,B2590
2591,Megan,B2591
2592,Jennifer,B2592
2593,Krista,B2593
2594,Chelsea,B2594
2595,Patrick,B2595
2596,Sara,B2596
2597,Kaitlyn,B2597
2598,Karen,B2598
2599,Brian,B2599
2600,Daniel,B2600
2601,Monica,B2601
2602,Keith,B2602
2603,Duane,B2603
2604,Daniel,B2604
2605,Dominique,B2605
2606,John,B2606
2607,Katie,B2607
2608,Shawn,B2608
2609,Lisa,B2609
2610,Paul,B2610
2611,Tiffany,B2611
2612,Patricia,B2612
2613,Renee,B2613
2614,Candace,B2614
2615,Jeffrey,B2615
2616,Emily,B2616
2617,Bianca,B2617
2618,Jimmy,B2618
2619,Karen,B2619
2620,Deanna,B2620
2621,Joseph,B2621
2622,Kimberly,B2622
2623,Kelly,B2623
2624,Peter,B2624
2625,Aaron,B2625
2626,Amanda,B2626
2627,Megan,B2627
2628,Jessica,B2628
2629,Brittney,B2629
2630,James,B2630
2631,Sheri,B2631
2632,Kyle,B2632
2633,John,B2633
2634,Javier,B2634
2635,Susan,B2635
2636,Jonathan,B2636
2637,Andrew,B2637
2638,Marcus,B2638
2639,Dylan,B2639
2640,Jacob,B2640
2641,Kimberly,B2641
2642,Robin,B2642
2643,Mathew,B2643
2644,Lauren,B2644
2645,Whitney,B2645
2646,Adam,B2646
2647,Jeffrey,B2647
2648,Chase,B2648
2649,Annette,B2649
2650,Zachary,B2650
2651,Michael,B2651
2652,Christine,B2652
2653,Kayla,B2653
2654,Sydney,B2654
2655,Karen,B2655
2656,Sara,B2656
2657,Justin,B2657
2658,Deborah,B2658
2659,Beth,B2659
2660,Charles,B2660
2661,Dustin,B2661
2662,Joseph,B2662
2663,Jennifer,B2663
2664,Ian,B2664
2665,Devon,B2665
2666,Kristi,B2666
2667,Joyce,B2667
2668,Dana,B2668
2669,Valerie,B2669
2670,James,B2670
2671,Kathryn,B2671
2672,Christy,B2672
2673,Amber,B2673
2674,Daniel,B2674
2675,Catherine,B2675
2676,Debra,B2676
2677,William,B2677
2678,Jackie,B2678
2679,Jeffrey,B2679
2680,Troy,B2680
2681,Kylie,B2681
2682,Anthony,B2682
2683,James,B2683
2684,Nicole,B2684
2685,David,B2685
2686,Annette,B2686
2687,Philip,B2687
2688,Bryan,B2688
2689,Stanley,B2689
2690,Stephanie,B2690
2691,Alan,B2691
2692,Sierra,B2692
2693,Robert,B2693
2694,Tara,B2694
2695,Adrian,B2695
2696,Debra,B2696
2697,Travis,B2697
2698,Thomas,B2698
2699,Kristi,B2699
2700,Danielle,B2700
2701,Matthew,B2701
2702,Larry,B2702
2703,Cynthia,B2703
2704,Susan,B2704
2705,Courtney,B2705
2706,Rachel,B2706
2707,James,B2707
2709,Mark,B2709
2710,Erica,B2710
2711,Vernon,B2711
2712,Nathan,B2712
2713,Andrew,B2713
2714,David,B2714
2715,Shawn,B2715
2716,Eric,B2716
2717,George,B2717
2718,Kelly,B2718
2719,Charles,B2719
2720,Jackie,B2720
2721,Clarence,B2721
2722,John,B2722
2723,Robert,B2723
2724,Rhonda,B2724
2725,Adriana,B2725
2726,Bonnie,B2726
2727,Michelle,B2727
2728,Joseph,B2728
2729,Scott,B2729
2730,George,B2730
2731,Matthew,B2731
2732,Patricia,B2732
2733,Jerry,B2733
2734,Mary,B2734
2735,Dawn,B2735
2736,Angela,B2736
2737,Adrian,B2737
2738,Kimberly,B2738
2739,Eric,B2739
2740,Hector,B2740
2741,Diana,B2741
2742,Edward,B2742
2743,Duane,B2743
2744,Victor,B2744
2745,Angela,B2745
2746,Kimberly,B2746
2747,Nicholas,B2747
2748,Jeffrey,B2748
2749,Daniel,B2749
2750,Edward,B2750
2751,Tonya,B2751
2752,Raymond,B2752
2753,Thomas,B2753
2754,Linda,B2754
2755,Zachary,B2755
2756,Amanda,B2756
2757,Carol,B2757
2758,Cheryl,B2758
2759,Edward,B2759
2760,Darren,B2760
2761,Tanya,B2761
2762,Tiffany,B2762
2763,James,B2763
2764,Steven,B2764
2765,Scott,B2765
2766,Johnathan,B2766
2767,April,B2767
2768,Kayla,B2768
2769,Susan,B2769
2770,Gina,B2770
2771,Susan,B2771
2772,Joseph,B2772
2773,Melissa,B2773
2774,Michael,B2774
2775,Melissa,B2775
2776,Samantha,B2776
2777,Justin,B2777
2778,Jesse,B2778
2779,Emily,B2779
2780,Pamela,B2780
2781,Timothy,B2781
2782,Candice,B2782
2783,Amy,B2783
2784,Jack,B2784
2785,James,B2785
2786,Michael,B2786
2787,James,B2787
2788,Jesse,B2788
2789,Elizabeth,B2789
2790,James,B2790
2791,Gabriela,B2791
2792,Anna,B2792
2793,Linda,B2793
2795,Brandon,B2795
2796,Jennifer,B2796
2797,Andrea,B2797
2798,Timothy,B2798
2799,Kathy,B2799
2800,Angela,B2800
2801,Ashlee,B2801
2802,Phillip,B2802
2803,Toni,B2803
2805,Anthony,B2805
2806,Jill,B2806
2807,Madeline,B2807
2808,Veronica,B2808
2809,Jacob,B2809
2810,Blake,B2810
2811,Caleb,B2811
2812,Lauren,B2812
2813,Samuel,B2813
2814,Jennifer,B2814
2815,Cynthia,B2815
2816,Amanda,B2816
2817,Justin,B2817
2818,Teresa,B2818
2819,Sharon,B2819
2820,Daniel,B2820
2821,Dennis,B2821
2822,Andrew,B2822
2823,Melissa,B2823
2824,Kimberly,B2824
2825,Tyler,B2825
2826,Pamela,B2826
2828,Robert,B2828
2829,Adam,B2829
2830,Logan,B2830
2831,Ronald,B2831
2832,Nicholas,B2832
2833,Patrick,B2833
2834,Neil,B2834
2835,Heather,B2835
2836,Julie,B2836
2837,Dawn,B2837
2838,Candice,B2838
2839,Valerie,B2839
2840,Kevin,B2840
2841,Adriana,B2841
2842,Jessica,B2842
2843,Nicholas,B2843
2844,Robert,B2844
2845,Jesus,B2845
2846,Danny,B2846
2847,Crystal,B2847
2848,Connie,B2848
2849,Philip,B2849
2850,Timothy,B2850
2851,Debra,B2851
2852,Nathaniel,B2852
2853,Jenny,B2853
2854,Kelly,B2854
2855,Tammy,B2855
2856,Michelle,B2856
2857,Shannon,B2857
2858,Tanner,B2858
2859,Brian,B2859
2860,Derrick,B2860
2861,Patrick,B2861
2862,Tyler,B2862
2863,John,B2863
2864,Trevor,B2864
2865,Kenneth,B2865
2866,Sydney,B2866
2867,Samuel,B2867
2868,Sara,B2868
2869,Justin,B2869
2870,Austin,B2870
2871,Rodney,B2871
2872,Sheila,B2872
2873,Maria,B2873
2874,Kimberly,B2874
2875,Teresa,B2875
2876,Christian,B2876
2877,Andrew,B2877
2878,Amanda,B2878
2879,Nicholas,B2879
2880,Daniel,B2880
2881,David,B2881
2882,Joel,B2882
2883,Sarah,B2883
2884,Jessica,B2884
2885,Tammy,B2885
2886,Karen,B2886
2887,Calvin,B2887
2888,Jasmine,B2888
2889,Sheila,B2889
2890,James,B2890
2891,Jeffrey,B2891
2892,Michael,B2892
2893,Christine,B2893
2894,Virginia,B2894
2895,Clayton,B2895
2896,Jared,B2896
2897,Kelly,B2897
2898,Monica,B2898
2899,Jesse,B2899
2900,William,B2900
2902,Garrett,B2902
2903,Matthew,B2903
2904,Justin,B2904
2905,Jake,B2905
2906,Cameron,B2906
2907,Sarah,B2907
2908,Crystal,B2908
2909,Christina,B2909
2910,Steven,B2910
2911,Jennifer,B2911
2912,Natalie,B2912
2913,Mark,B2913
2915,Daniel,B2915
2916,Linda,B2916
2917,Michael,B2917
2918,Alicia,B2918
2919,Katrina,B2919
2920,Misty,B2920
2921,Veronica,B2921
2922,Tyler,B2922
2923,Angela,B2923
2924,Alan,B2924
2925,Jeffrey,B2925
2926,Patrick,B2926
2927,James,B2927
2928,Vincent,B2928
2929,Brittany,B2929
2930,Cynthia,B2930
2931,Megan,B2931
2932,Peggy,B2932
2933,Phillip,B2933
2934,Rebecca,B2934
2936,Crystal,B2936
2937,Andrew,B2937
2938,Kevin,B2938
2939,Emily,B2939
2940,David,B2940
2941,Kimberly,B2941
2942,Daniel,B2942
2944,Kimberly,B2944
2945,Katherine,B2945
2946,Thomas,B2946
2948,Stephen,B2948
2949,Stephen,B2949
2950,Angelica,B2950
2951,Sarah,B2951
2952,Donna,B2952
2953,Jeremy,B2953
2954,Jason,B2954
2955,Ryan,B2955
2956,Elizabeth,B2956
2957,Pamela,B2957
2958,James,B2958
2959,James,B2959
2960,Yesenia,B2960
2961,Mary,B2961
2962,Bridget,B2962
2963,Erik,B2963
2964,Alicia,B2964
2965,Tina,B2965
2966,Dan,B2966
2967,Kayla,B2967
2968,Shirley,B2968
2969,Kathleen,B2969
2970,Jennifer,B2970
2971,Steven,B2971
2972,Janet,B2972
2973,Timothy,B2973
2974,John,B2974
2975,Kevin,B2975
2976,Gary,B2976
2977,Sally,B2977
2978,Dale,B2978
2979,Joshua,B2979
2980,Margaret,B2980
2981,Destiny,B2981
2982,Megan,B2982
2983,Elizabeth,B2983
2984,Eric,B2984
2985,Charles,B2985
2986,Jared,B2986
2987,John,B2987
2988,Rachel,B2988
2989,Kenneth,B2989
2990,Sabrina,B2990
2991,Jennifer,B2991
2992,Emily,B2992
2993,Janet,B2993
2994,Jon,B2994
2995,Michelle,B2995
2996,Eric,B2996
2997,Mary,B2997
2998,Jessica,B2998
2999,Cassandra,B2999
3000,Ashley,B3000
3001,Donald,B3001
3003,Victor,B3003
3004,Kayla,B3004
3005,Hannah,B3005
3006,Kathryn,B3006
3007,Vincent,B3007
3008,Natalie,B3008
3009,Robert,B3009
3010,Zachary,B3010
3011,Miguel,B3011
3012,John,B3012
3013,William,B3013
3014,Elizabeth,B3014
3015,Matthew,B3015
3016,Melissa,B3016
3017,Wayne,B3017
3018,Matthew,B3018
3019,Darlene,B3019
3020,Francisco,B3020
3021,Dennis,B3021
3022,Brent,B3022
3024,Lori,B3024
3025,Amy,B3025
3026,Norman,B3026
3027,Emily,B3027
3028,Michael,B3028
3030,Joshua,B3030
3031,Carmen,B3031
3032,Andrew,B3032
3033,Julie,B3033
3034,Patrick,B3034
3035,Cassandra,B3035
3036,Cynthia,B3036
3037,Kathryn,B3037
3038,Shelby,B3038
3039,Renee,B3039
3040,Timothy,B3040
3041,Stephen,B3041
3042,Kathryn,B3042
3043,Eric,B3043
3044,Curtis,B3044
3045,Joyce,B3045
3046,Brian,B3046
3047,Todd,B3047
3048,Jennifer,B3048
3049,Amber,B3049
3050,Christine,B3050
3051,Andrew,B3051
3052,Adam,B3052
3053,Bobby,B3053
3054,Anthony,B3054
3055,Kathryn,B3055
3056,Scott,B3056
3057,Mark,B3057
3058,Amy,B3058
3059,Marvin,B3059
3061,Brenda,B3061
3062,Stanley,B3062
3063,Diana,B3063
3064,Monique,B3064
3065,Donald,B3065
3066,James,B3066
3067,Robert,B3067
3068,Laura,B3068
3069,Jeanne,B3069
3070,Kenneth,B3070
3072,Haley,B3072
3073,Michael,B3073
3074,Andrew,B3074
3075,Tracy,B3075
3076,Jessica,B3076
3077,Aaron,B3077
3078,Jennifer,B3078
3079,Lauren,B3079
3080,Wendy,B3080
3081,Jackie,B3081
3082,Samuel,B3082
3083,George,B3083
3084,Bryan,B3084
3085,Christina,B3085
3086,Daniel,B3086
3087,Paul,B3087
3088,Robert,B3088
3089,Kim,B3089
3090,Jason,B3090
3091,Jack,B3091
3092,Jeffrey,B3092
3093,Nicolas,B3093
3094,Jill,B3094
3095,Kim,B3095
3096,Michele,B3096
3097,Daniel,B3097
3098,Dawn,B3098
3100,Steven,B3100
3101,Sarah,B3101
3102,Jared,B3102
3103,Suzanne,B3103
3104,John,B3104
3105,John,B3105
3106,Rebecca,B3106
3107,Amanda,B3107
3108,Sandra,B3108
3109,Brooke,B3109
3110,Melinda,B3110
3111,Kimberly,B3111
3112,Amy,B3112
3113,Amy,B3113
3114,Michael,B3114
3115,Donna,B3115
3116,Erin,B3116
3117,Karen,B3117
3118,Tyler,B3118
3119,Erica,B3119
3120,Julie,B3120
3121,Lee,B3121
3122,Shawn,B3122
3123,Natalie,B3123
3124,Antonio,B3124
3125,Lisa,B3125
3126,Victor,B3126
3127,Tyler,B3127
3128,Crystal,B3128
3129,Lindsay,B3129
3130,Julie,B3130
3131,John,B3131
3132,Austin,B3132
3133,David,B3133
3134,Erica,B3134
3135,Kayla,B3135
3136,Vincent,B3136
3137,Renee,B3137
3138,Cheyenne,B3138
3139,Jonathan,B3139
3140,Aaron,B3140
3141,Jillian,B3141
3142,Robin,B3142
3143,Randall,B3143
3145,Joshua,B3145
3146,Carrie,B3146
3147,Michael,B3147
3148,William,B3148
3150,Levi,B3150
3151,Joseph,B3151
3152,Gabriela,B3152
3153,John,B3153
3154,Peggy,B3154
3155,George,B3155
3156,Tyler,B3156
3157,Nancy,B3157
3158,Arthur,B3158
3159,Thomas,B3159
3160,Tonya,B3160
3162,Matthew,B3162
3163,Katrina,B3163
3164,Michael,B3164
3165,Susan,B3165
3166,Leonard,B3166
3167,Kimberly,B3167
3168,Yvette,B3168
3169,Beth,B3169
3170,Brittany,B3170
3171,Sandra,B3171
3172,Walter,B3172
3173,Eric,B3173
3174,Joshua,B3174
3175,Katrina,B3175
3176,Latoya,B3176
3177,Victoria,B3177
3178,Brianna,B3178
3179,Melanie,B3179
3180,Jose,B3180
3181,Gregory,B3181
3182,Douglas,B3182
3183,Robert,B3183
3184,Christian,B3184
3185,Ray,B3185
3186,Maria,B3186
3187,Rachel,B3187
3189,Matthew,B3189
3190,Sheri,B3190
3191,Julie,B3191
3192,Juan,B3192
3193,Robin,B3193
3194,Lauren,B3194
3195,Anna,B3195
3196,Shelby,B3196
3197,Nancy,B3197
3198,Michelle,B3198
3199,Alicia,B3199
3200,Patrick,B3200
3201,Rebekah,B3201
3202,Seth,B3202
3203,Michael,B3203
3204,Nathan,B3204
3205,Jason,B3205
3206,Stephanie,B3206
3207,Patricia,B3207
3208,Christina,B3208
3209,Timothy,B3209
3210,Gary,B3210
3211,Stephen,B3211
3212,Robert,B3212
3213,Ann,B3213
3214,Daniel,B3214
3215,Mark,B3215
3216,Denise,B3216
3217,Julia,B3217
3218,Shawn,B3218
3219,John,B3219
3220,Rodney,B3220
3221,Amanda,B3221
3222,Amanda,B3222
3223,John,B3223
3224,Mark,B3224
3225,Justin,B3225
3226,Beverly,B3226
3227,Nicole,B3227
3228,Marcus,B3228
3229,Jack,B3229
3230,James,B3230
3231,Edwin,B3231
3232,Steven,B3232
3233,Jon,B3233
3234,Caleb,B3234
3235,Daniel,B3235
3236,Jose,B3236
3237,Ashley,B3237
3238,Christina,B3238
3240,Nicole,B3240
3241,Timothy,B3241
3242,Jimmy,B3242
3243,Randall,B3243
3244,Victoria,B3244
3245,Scott,B3245
3246,Sonya,B3246
3247,Crystal,B3247
3248,William,B3248
3250,Lori,B3250
3251,Meredith,B3251
3252,Deanna,B3252
3253,Megan,B3253
3254,Adam,B3254
3255,Latoya,B3255
3256,Angela,B3256
3257,Christina,B3257
3258,Jillian,B3258
3259,Amber,B3259
3260,Tara,B3260
3261,Roy,B3261
3262,Kyle,B3262
3263,Vanessa,B3263
3264,Jimmy,B3264
3265,Thomas,B3265
3266,Tammy,B3266
3267,Timothy,B3267
3268,Penny,B3268
3269,Stacey,B3269
3270,Corey,B3270
3271,Dylan,B3271
3272,Amy,B3272
3273,Donna,B3273
3274,Christina,B3274
3275,Cory,B3275
3276,Joseph,B3276
3277,Vanessa,B3277
3278,Isabella,B3278
3279,Brandy,B3279
3280,Sean,B3280
3281,Nicole,B3281
3282,Richard,B3282
3283,Tiffany,B3283
3285,Randy,B3285
3286,David,B3286
3287,Elizabeth,B3287
3288,Michael,B3288
3289,Darius,B3289
3290,Jennifer,B3290
3291,Linda,B3291
3292,Ralph,B3292
3293,Jordan,B3293
3294,Pamela,B3294
3295,Kevin,B3295
3296,Donna,B3296
3297,John,B3297
3298,Jennifer,B3298
3299,Kimberly,B3299
3301,Jeff,B3301
3302,Jill,B3302
3303,Adam,B3303
3305,Bryan,B3305
3306,Christina,B3306
3307,April,B3307
3308,Cassandra,B3308
3309,Jesse,B3309
3310,Adam,B3310
3311,Kathleen,B3311
3312,Jeremy,B3312
3313,Kristen,B3313
3314,Linda,B3314
3315,Sandra,B3315
3316,Kellie,B3316
3317,Virginia,B3317
3318,Ashley,B3318
3319,Heidi,B3319
3321,Jasmine,B3321
3322,William,B3322
3323,Steven,B3323
3324,Stacie,B3324
3325,Julia,B3325
3326,Elizabeth,B3326
3327,Tanya,B3327
3328,Kathleen,B3328
3329,Cheryl,B3329
3330,Heather,B3330
3331,Richard,B3331
3332,Randy,B3332
3333,Kelly,B3333
3334,Brian,B3334
3335,Robin,B3335
3336,Anna,B3336
3337,Erin,B3337
3338,Mark,B3338
3339,Rhonda,B3339
3340,Gregory,B3340
3341,Joshua,B3341
3342,Jennifer,B3342
3343,Brendan,B3343
3344,Kelli,B3344
3345,Ashley,B3345
3346,Steven,B3346
3347,Adam,B3347
3348,Kimberly,B3348
3349,Jose,B3349
3350,Peter,B3350
3351,Patricia,B3351
3352,Cheryl,B3352
3353,Travis,B3353
3354,Andrew,B3354
3355,Daniel,B3355
3356,Deanna,B3356
3357,Jonathan,B3357
3358,Wendy,B3358
3359,Alexander,B3359
3360,Kathryn,B3360
3361,Jessica,B3361
3362,Heather,B3362
3363,Kenneth,B3363
3364,Brittney,B3364
3365,Jennifer,B3365
3366,Karen,B3366
3367,Lisa,B3367
3368,Kristin,B3368
3369,David,B3369
3370,Larry,B3370
3371,James,B3371
3372,Lance,B3372
3373,Ashley,B3373
3374,Jessica,B3374
3375,Melissa,B3375
3376,Billy,B3376
3377,Robin,B3377
3378,Todd,B3378
3380,Elizabeth,B3380
3381,Mandy,B3381
3382,Thomas,B3382
3383,Sarah,B3383
3384,Joe,B3384
3385,Michaela,B3385
3386,Patricia,B3386
3387,Alan,B3387
3388,Michael,B3388
3389,Michael,B3389
3390,David,B3390
3391,David,B3391
3392,Shannon,B3392
3393,Traci,B3393
3394,William,B3394
3395,Taylor,B3395
3396,Daniel,B3396
3397,Jessica,B3397
3398,Kevin,B3398
3399,David,B3399
3400,Shelly,B3400
3401,Mariah,B3401
3402,Jerome,B3402
3403,Samantha,B3403
3404,Caleb,B3404
3405,Shelley,B3405
3406,Gregory,B3406
3407,Jeffrey,B3407
3408,Daniel,B3408
3409,Whitney,B3409
3410,Vincent,B3410
3411,Corey,B3411
3412,Robert,B3412
3413,Matthew,B3413
3414,Jennifer,B3414
3416,Lonnie,B3416
3417,David,B3417
3418,Allison,B3418
3419,Jennifer,B3419
3420,Sandra,B3420
3422,Alexa,B3422
3423,Anthony,B3423
3424,Jose,B3424
3425,Frank,B3425
3426,Daniel,B3426
3427,Holly,B3427
3428,Jay,B3428
3429,Kayla,B3429
3430,Anthony,B3430
3431,Wendy,B3431
3432,Brenda,B3432
3433,Mary,B3433
3434,Cheryl,B3434
3435,Brittany,B3435
3436,Alexandra,B3436
3437,Michael,B3437
3438,Daniel,B3438
3439,Dana,B3439
3440,Joy,B3440
3442,Courtney,B3442
3443,James,B3443
3444,Veronica,B3444
3445,Michael,B3445
3446,Megan,B3446
3447,Matthew,B3447
3448,Jeremiah,B3448
3449,Anthony,B3449
3450,Jeremy,B3450
3451,Thomas,B3451
3452,Deborah,B3452
3453,Holly,B3453
3454,Christian,B3454
3455,Heather,B3455
3456,Pamela,B3456
3457,Tiffany,B3457
3458,Scott,B3458
3459,Adam,B3459
3460,Michael,B3460
3461,Kathleen,B3461
3462,Jeremy,B3462
3463,Makayla,B3463
3464,Michael,B3464
3465,Jennifer,B3465
3466,Alyssa,B3466
3467,Christina,B3467
3468,Robert,B3468
3469,Michael,B3469
3470,Sabrina,B3470
3471,Antonio,B3471
3472,Lisa,B3472
3473,Regina,B3473
3474,Thomas,B3474
3475,Julie,B3475
3476,Kimberly,B3476
3477,Sean,B3477
3478,Kelly,B3478
3479,Dustin,B3479
3480,Lisa,B3480
3481,Karina,B3481
3482,Brian,B3482
3483,Michael,B3483
3484,Leslie,B3484
3485,Melissa,B3485
3486,Maria,B3486
3487,James,B3487
3488,Dana,B3488
3489,Bruce,B3489
3490,Jacob,B3490
3491,Kathleen,B3491
3492,Ashley,B3492
3493,Bridget,B3493
3494,Taylor,B3494
3495,Monica,B3495
3496,Jeremy,B3496
3497,Cynthia,B3497
3498,Jennifer,B3498
3499,James,B3499
3500,Travis,B3500
3501,John,B3501
3502,Alexandra,B3502
3503,Kelly,B3503
3504,Kathryn,B3504
3505,Evan,B3505
3506,Samuel,B3506
3507,Katherine,B3507
3508,Cynthia,B3508
3509,Angela,B3509
3510,Brenda,B3510
3511,Sheila,B3511
3512,Kim,B3512
3513,Nathan,B3513
3514,Brandy,B3514
3515,Stephen,B3515
3516,Brandon,B3516
3517,April,B3517
3518,Debbie,B3518
3519,Joshua,B3519
3520,Derek,B3520
3521,Patricia,B3521
3523,Danielle,B3523
3524,James,B3524
3525,David,B3525
3526,Angel,B3526
3527,Paige,B3527
3528,Pamela,B3528
3529,James,B3529
3530,Brandon,B3530
3531,Oscar,B3531
3532,Jamie,B3532
3533,Alicia,B3533
3534,Amanda,B3534
3535,Wanda,B3535
3537,Tina,B3537
3538,Cory,B3538
3539,Robert,B3539
3540,John,B3540
3541,James,B3541
3543,Michael,B3543
3544,Willie,B3544
3545,Carrie,B3545
3546,Richard,B3546
3547,Richard,B3547
3548,Crystal,B3548
3549,Joshua,B3549
3550,Ashley,B3550
3551,Lindsay,B3551
3552,Teresa,B3552
3553,Meagan,B3553
3554,Susan,B3554
3555,Sarah,B3555
3556,Jeffrey,B3556
3557,Allen,B3557
3558,Jennifer,B3558
3559,Harry,B3559
3560,Kaitlyn,B3560
3561,Joanne,B3561
3562,David,B3562
3563,Leah,B3563
3564,Jesse,B3564
3565,Noah,B3565
3566,Brandon,B3566
3567,Anna,B3567
3568,Paul,B3568
3569,Tammy,B3569
3570,Michelle,B3570
3571,Matthew,B3571
3572,Jessica,B3572
3573,Laura,B3573
3574,Michelle,B3574
3575,Courtney,B3575
3576,Anthony,B3576
3577,Amy,B3577
3578,Jessica,B3578
3579,Paul,B3579
3580,Raymond,B3580
3581,Robert,B3581
3582,Susan,B3582
3583,Nathan,B3583
3584,Michael,B3584
3585,Donald,B3585
3586,Eric,B3586
3587,Tony,B3587
3588,James,B3588
3589,Joshua,B3589
3590,Eric,B3590
3591,Deborah,B3591
3592,Andrew,B3592
3593,Steven,B3593
3594,John,B3594
3595,Tammy,B3595
3596,Marcus,B3596
3597,Sabrina,B3597
3598,Gregory,B3598
3599,Robert,B3599
3600,Sean,B3600
3601,Patricia,B3601
3602,Jeff,B3602
3603,Carl,B3603
3604,Leslie,B3604
3605,Ronald,B3605
3606,Steven,B3606
3607,Allen,B3607
3608,Douglas,B3608
3609,Carl,B3609
3610,Ann,B3610
3611,Veronica,B3611
3613,Brittany,B3613
3614,Andrea,B3614
3615,Stephanie,B3615
3616,Kimberly,B3616
3618,Jennifer,B3618
3619,Carrie,B3619
3620,Ryan,B3620
3621,Alvin,B3621
3622,Kevin,B3622
3623,Nathan,B3623
3624,Dominique,B3624
3625,Roger,B3625
3626,Keith,B3626
3627,Brian,B3627
3628,Paige,B3628
3629,Charlene,B3629
3630,Rebekah,B3630
3631,Jeffrey,B3631
3633,Laurie,B3633
3634,Kevin,B3634
3635,Nicholas,B3635
3636,Stephanie,B3636
3637,Jennifer,B3637
3638,Patricia,B3638
3639,Ian,B3639
3640,Robert,B3640
3641,Jeremy,B3641
3642,Mark,B3642
3644,Zachary,B3644
3645,Kenneth,B3645
3646,Anna,B3646
3647,John,B3647
3648,Patrick,B3648
3649,Amy,B3649
3650,Joseph,B3650
3651,Scott,B3651
3652,Eric,B3652
3653,Stephanie,B3653
3654,Richard,B3654
3655,Erika,B3655
3657,Monica,B3657
3658,Sandra,B3658
3659,Alexander,B3659
3660,Richard,B3660
3661,Edgar,B3661
3662,Wayne,B3662
3663,Cameron,B3663
3664,Thomas,B3664
3665,Jennifer,B3665
3666,Warren,B3666
3667,Carl,B3667
3668,David,B3668
3669,Joshua,B3669
3670,Rachel,B3670
3671,Steven,B3671
3672,Jessica,B3672
3673,Adam,B3673
3674,John,B3674
3675,Beverly,B3675
3676,Pamela,B3676
3677,David,B3677
3678,Matthew,B3678
3679,Cheryl,B3679
3680,Justin,B3680
3681,Barbara,B3681
3682,Tracy,B3682
3683,Latasha,B3683
3684,Robin,B3684
3685,Ryan,B3685
3686,Cynthia,B3686
3687,Shannon,B3687
3688,Andrew,B3688
3689,Lucas,B3689
3690,Lucas,B3690
3691,Tricia,B3691
3692,Emily,B3692
3693,Matthew,B3693
3694,Christina,B3694
3695,Shirley,B3695
3696,Connor,B3696
3697,Sara,B3697
3698,Barbara,B3698
3699,Amanda,B3699
3700,Elizabeth,B3700
3701,Luis,B3701
3702,Diane,B3702
3703,Connor,B3703
3704,Margaret,B3704
3705,Nancy,B3705
3706,Joseph,B3706
3707,Scott,B3707
3709,Elizabeth,B3709
3710,Joshua,B3710
3711,David,B3711
3712,Megan,B3712
3713,Erin,B3713
3714,Erika,B3714
3715,Kimberly,B3715
3716,Brenda,B3716
3717,Shawn,B3717
3718,Cindy,B3718
3719,Nathan,B3719
3720,Luis,B3720
3721,Victoria,B3721
3722,Edward,B3722
3723,Matthew,B3723
3724,Stacey,B3724
3725,Patrick,B3725
3726,John,B3726
3727,Richard,B3727
3728,Zachary,B3728
3729,Cindy,B3729
3730,Eric,B3730
3731,Michael,B3731
3732,Brandon,B3732
3733,Lauren,B3733
3734,Brett,B3734
3735,Mark,B3735
3736,Brenda,B3736
3737,Jennifer,B3737
3738,Charles,B3738
3739,Sharon,B3739
3740,Jeffrey,B3740
3741,Karen,B3741
3742,Justin,B3742
3743,Justin,B3743
3744,Eric,B3744
3745,Valerie,B3745
3746,Andrew,B3746
3747,Scott,B3747
3748,Patrick,B3748
3749,Michael,B3749
3750,Andrea,B3750
3751,Russell,B3751
3752,Andrew,B3752
3754,Travis,B3754
3755,Jeffrey,B3755
3756,Kayla,B3756
3757,Mark,B3757
3758,Anthony,B3758
3759,Derek,B3759
3761,Sarah,B3761
3762,George,B3762
3763,Kathryn,B3763
3764,Andrea,B3764
3765,Katie,B3765
3766,Angela,B3766
3767,James,B3767
3768,Laura,B3768
3769,Kevin,B3769
3770,Courtney,B3770
3771,Deborah,B3771
3772,Nicholas,B3772
3773,Bryan,B3773
3774,Craig,B3774
3775,Brad,B3775
3776,Rachel,B3776
3777,John,B3777
3778,Brenda,B3778
3779,Robert,B3779
3780,Jason,B3780
3781,Peter,B3781
3782,John,B3782
3783,Thomas,B3783
3784,Melissa,B3784
3785,James,B3785
3786,Joshua,B3786
3787,Steven,B3787
3788,Michelle,B3788
3789,Ricky,B3789
3790,Jerry,B3790
3791,Michelle,B3791
3792,John,B3792
3793,William,B3793
3794,Eric,B3794
3795,Phillip,B3795
3796,Jason,B3796
3797,Emily,B3797
3798,Brian,B3798
3799,Erin,B3799
3800,Brittany,B3800
3801,Erin,B3801
3802,Brian,B3802
3804,Matthew,B3804
3805,Lance,B3805
3806,Jessica,B3806
3807,Kaylee,B3807
3808,Christina,B3808
3809,Christine,B3809
3810,Dawn,B3810
3811,Charlene,B3811
3812,Stacy,B3812
3813,Laura,B3813
3814,Johnny,B3814
3815,Alicia,B3815
3816,Raymond,B3816
3817,Amy,B3817
3818,Jenna,B3818
3819,Victoria,B3819
3820,Brandon,B3820
3821,Andrew,B3821
3822,Justin,B3822
3823,Brandon,B3823
3825,Michael,B3825
3826,Connie,B3826
3827,Jesse,B3827
3828,Kathleen,B3828
3829,Louis,B3829
3831,Trevor,B3831
3832,Mark,B3832
3833,Patrick,B3833
3834,Miranda,B3834
3835,Christina,B3835
3836,Amanda,B3836
3837,Sandra,B3837
3838,Erika,B3838
3839,Aaron,B3839
3840,Edwin,B3840
3841,Katie,B3841
3842,Kristina,B3842
3843,Lisa,B3843
3844,Elizabeth,B3844
3845,Laura,B3845
3846,Catherine,B3846
3847,Michele,B3847
3848,Jennifer,B3848
3849,Robin,B3849
3850,Jeffrey,B3850
3851,Faith,B3851
3852,Erin,B3852
3853,Amy,B3853
3854,Katrina,B3854
3855,Malik,B3855
3856,Amy,B3856
3857,Jason,B3857
3858,Dawn,B3858
3859,Megan,B3859
3860,Emma,B3860
3861,Daisy,B3861
3862,Bonnie,B3862
3863,Tyler,B3863
3864,Mary,B3864
3865,Tiffany,B3865
3866,Natalie,B3866
3867,Kelly,B3867
3868,Veronica,B3868
3869,Richard,B3869
3870,Clarence,B3870
3871,Craig,B3871
3872,Joshua,B3872
3873,Michelle,B3873
3874,Juan,B3874
3875,Jennifer,B3875
3876,Derrick,B3876
3877,Nancy,B3877
3878,Craig,B3878
3880,James,B3880
3881,Joshua,B3881
3882,Emily,B3882
3883,Sarah,B3883
3884,Jennifer,B3884
3885,Shane,B3885
3886,Justin,B3886
3887,Jessica,B3887
3888,Kristin,B3888
3889,Kevin,B3889
3890,Katherine,B3890
3891,Anthony,B3891
3892,Megan,B3892
3893,Monica,B3893
3894,Jamie,B3894
3895,Sylvia,B3895
3896,Holly,B3896
3897,David,B3897
3898,Kathy,B3898
3899,Sean,B3899
3900,Michael,B3900
3902,Joe,B3902
3903,Allison,B3903
3904,Deanna,B3904
3905,Anthony,B3905
3906,Renee,B3906
3907,Michael,B3907
3908,Michelle,B3908
3909,Nathaniel,B3909
3910,Nicholas,B3910
3911,Mary,B3911
3912,Raymond,B3912
3913,Zachary,B3913
3914,Michael,B3914
3915,Amy,B3915
3916,Michelle,B3916
3917,Kenneth,B3917
3918,Julie,B3918
3919,Mark,B3919
3920,Todd,B3920
3921,Maria,B3921
3922,Leon,B3922
3923,Howard,B3923
3924,Joseph,B3924
3925,Adam,B3925
3926,Pam,B3926
3927,Jenny,B3927
3928,Jimmy,B3928
3929,Robert,B3929
3930,Jesse,B3930
3931,David,B3931
3932,Jeffrey,B3932
3933,Steven,B3933
3935,David,B3935
3936,Angela,B3936
3937,Jeffrey,B3937
3938,Linda,B3938
3939,Rebecca,B3939
3940,Sherry,B3940
3941,Bradley,B3941
3942,Michelle,B3942
3943,Gary,B3943
3944,Brandon,B3944
3945,Joshua,B3945
3946,Tyler,B3946
3947,Craig,B3947
3948,Keith,B3948
3949,Michael,B3949
3950,Howard,B3950
3951,Ashley,B3951
3953,Stacey,B3953
3954,Angela,B3954
3955,Jimmy,B3955
3956,Michael,B3956
3957,Joseph,B3957
3958,Terri,B3958
3959,Jessica,B3959
3960,Kristy,B3960
3961,Keith,B3961
3962,Jason,B3962
3963,Angela,B3963
3964,Kevin,B3964
3965,Anthony,B3965
3966,Katie,B3966
3967,Amy,B3967
3968,Stacy,B3968
3969,Scott,B3969
3971,Lindsey,B3971
3972,Anthony,B3972
3973,Rodney,B3973
3974,David,B3974
3975,Phillip,B3975
3976,Carmen,B3976
3977,John,B3977
3978,Dana,B3978
3979,Molly,B3979
3980,Jeremy,B3980
3981,Christy,B3981
3982,Timothy,B3982
3983,Richard,B3983
3984,Patrick,B3984
3985,Christy,B3985
3986,Jorge,B3986
3987,Claudia,B3987
3988,Rose,B3988
3989,Albert,B3989
3990,Jeremy,B3990
3991,Brenda,B3991
3992,Michael,B3992
3993,Brandon,B3993
3994,Sarah,B3994
3995,Shannon,B3995
3996,Jessica,B3996
3997,Rachael,B3997
3998,Ronald,B3998
3999,Brittany,B3999
4000,Stephen,B4000
4001,Chloe,B4001
4002,Angela,B4002
4003,Joshua,B4003
4004,Kevin,B4004
4005,Michael,B4005
4006,Benjamin,B4006
4007,William,B4007
4008,Kyle,B4008
4009,Kelly,B4009
4010,Billy,B4010
4011,James,B4011
4012,Jacob,B4012
4013,Linda,B4013
4014,Jennifer,B4014
4015,Brett,B4015
4016,Amanda,B4016
4017,Michael,B4017
4018,Shirley,B4018
4019,Jenna,B4019
4020,Andrea,B4020
4021,Courtney,B4021
4022,Connie,B4022
4023,Steven,B4023
4024,Gregory,B4024
4025,Martha,B4025
4026,Steven,B4026
4027,Kristin,B4027
4028,Troy,B4028
4029,David,B4029
4030,Claire,B4030
4031,Shawn,B4031
4032,Erin,B4032
4033,Noah,B4033
4034,Brandon,B4034
4035,Eric,B4035
4037,Jimmy,B4037
4038,Erin,B4038
4039,Patricia,B4039
4040,Robert,B4040
4041,Charlotte,B4041
4042,Alexis,B4042
4043,Robin,B4043
4044,Jesus,B4044
4045,William,B4045
4046,Anthony,B4046
4047,Thomas,B4047
4048,Beverly,B4048
4049,Ronald,B4049
4050,Judy,B4050
4051,Lisa,B4051
4052,Robert,B4052
4053,Peter,B4053
4054,Debra,B4054
4055,Nicholas,B4055
4056,Tracy,B4056
4057,Kristen,B4057
4058,Sean,B4058
4059,Nicole,B4059
4060,Stephanie,B4060
4061,John,B4061
4063,Jessica,B4063
4064,Mark,B4064
4065,Catherine,B4065
4066,Melissa,B4066
4067,Linda,B4067
4068,Eric,B4068
4069,David,B4069
4070,Lauren,B4070
4071,Gerald,B4071
4072,Laura,B4072
4073,Sarah,B4073
4074,Brent,B4074
4075,Jonathan,B4075
4076,Becky,B4076
4077,Donna,B4077
4078,Brooke,B4078
4079,Carlos,B4079
4080,Alejandra,B4080
4081,Kimberly,B4081
4082,Olivia,B4082
4083,Allen,B4083
4084,Kimberly,B4084
4085,Michael,B4085
4086,Catherine,B4086
4087,April,B4087
4088,Carla,B4088
4089,Andrew,B4089
4090,Amber,B4090
4091,Heather,B4091
4092,Amanda,B4092
4093,Sarah,B4093
4094,Stephanie,B4094
4095,Dylan,B4095
4096,Justin,B4096
4097,Anthony,B4097
4098,Ebony,B4098
4099,Tony,B4099
4100,Charles,B4100
4101,Theresa,B4101
4102,Molly,B4102
4103,Aaron,B4103
4104,Derrick,B4104
4105,Chad,B4105
4107,Jonathan,B4107
4108,Gregory,B4108
4109,Elizabeth,B4109
4110,David,B4110
4111,Craig,B4111
4112,Kyle,B4112
4113,Edward,B4113
4114,Brad,B4114
4115,Jose,B4115
4116,Brett,B4116
4117,Kim,B4117
4118,Charles,B4118
4119,Dakota,B4119
4120,Cindy,B4120
4121,Zachary,B4121
4122,Natasha,B4122
4123,Craig,B4123
4124,Hector,B4124
4125,Maria,B4125
4126,William,B4126
4127,Tiffany,B4127
4128,Vincent,B4128
4129,John,B4129
4130,Brandon,B4130
4131,Jerome,B4131
4132,Sean,B4132
4133,Jessica,B4133
4134,Brandy,B4134
4135,Kevin,B4135
4136,Lauren,B4136
4137,Tara,B4137
4138,Barbara,B4138
4139,Rodney,B4139
4140,Matthew,B4140
4141,Cheyenne,B4141
4142,Thomas,B4142
4143,Alison,B4143
4144,Gregory,B4144
4145,Sharon,B4145
4146,Michael,B4146
4147,Daniel,B4147
4148,Benjamin,B4148
4149,Teresa,B4149
4150,Lynn,B4150
4151,Kristen,B4151
4152,Michael,B4152
4153,Bob,B4153
4154,Jessica,B4154
4155,David,B4155
4156,Kevin,B4156
4157,Eric,B4157
4158,Carl,B4158
4159,Teresa,B4159
4160,Derrick,B4160
4161,Barbara,B4161
4162,Lisa,B4162
4163,Kenneth,B4163
4164,Antonio,B4164
4165,Caroline,B4165
4166,William,B4166
4167,Mikayla,B4167
4168,Erin,B4168
4169,Charles,B4169
4170,James,B4170
4171,Kristi,B4171
4172,Edwin,B4172
4173,Julia,B4173
4174,Caitlin,B4174
4175,Mark,B4175
4176,Crystal,B4176
4177,Hannah,B4177
4178,Marissa,B4178
4179,Jennifer,B4179
4180,Courtney,B4180
4181,Jasmine,B4181
4182,April,B4182
4183,Mackenzie,B4183
4184,Yolanda,B4184
4185,Lisa,B4185
4186,Glenn,B4186
4187,Misty,B4187
4188,Hannah,B4188
4189,Ivan,B4189
4190,Natasha,B4190
4191,Heidi,B4191
4192,Megan,B4192
4193,Michael,B4193
4194,Mason,B4194
4195,Frederick,B4195
4196,Amanda,B4196
4197,William,B4197
4198,Debra,B4198
4199,David,B4199
4200,Marissa,B4200
4201,Daniel,B4201
4202,Renee,B4202
4203,Shawn,B4203
4204,John,B4204
4205,Brent,B4205
4206,Jessica,B4206
4207,Alexander,B4207
4208,Michelle,B4208
4209,Morgan,B4209
4210,Jeremy,B4210
4211,Jose,B4211
4212,Michael,B4212
4213,Anthony,B4213
4214,Joshua,B4214
4215,Richard,B4215
4216,Michelle,B4216
4218,Danielle,B4218
4219,Kimberly,B4219
4220,John,B4220
4221,Matthew,B4221
4222,Sharon,B4222
4223,Kelli,B4223
4224,Zachary,B4224
4225,Lori,B4225
4226,Dominique,B4226
4227,Michele,B4227
4228,Tracy,B4228
4229,Jeffery,B4229
4230,Jason,B4230
4231,Steven,B4231
4232,Allen,B4232
4233,Lauren,B4233
4234,Oscar,B4234
4235,Nathan,B4235
4236,Alexander,B4236
4237,Charles,B4237
4238,Megan,B4238
4239,Nicholas,B4239
4240,Tristan,B4240
4241,Tamara,B4241
4242,Jim,B4242
4243,Susan,B4243
4244,Julia,B4244
4245,Brian,B4245
4246,Brittany,B4246
4247,Kyle,B4247
4248,Alexander,B4248
4250,Leah,B4250
4251,John,B4251
4252,Andrew,B4252
4254,Janet,B4254
4255,Heather,B4255
4256,Theresa,B4256
4257,Jennifer,B4257
4258,Ann,B4258
4259,Sarah,B4259
4260,Sarah,B4260
4261,Lauren,B4261
4262,Lisa,B4262
4263,Christian,B4263
4265,Mitchell,B4265
4266,Jennifer,B4266
4267,Mikayla,B4267
4268,Ronald,B4268
4269,Glen,B4269
4270,David,B4270
4271,John,B4271
4272,Heidi,B4272
4274,Kenneth,B4274
4275,Jamie,B4275
4276,Holly,B4276
4277,Wendy,B4277
4278,Krystal,B4278
4279,Joe,B4279
4280,Susan,B4280
4281,Brooke,B4281
4282,Corey,B4282
4283,Darlene,B4283
4284,Jerome,B4284
4285,Ryan,B4285
4286,Ashley,B4286
4287,Derek,B4287
4288,Joshua,B4288
4289,Deborah,B4289
4290,Michelle,B4290
4291,Jesse,B4291
4292,April,B4292
4293,Dan,B4293
4294,Andrew,B4294
4296,John,B4296
4297,Donna,B4297
4298,Michael,B4298
4299,Brian,B4299
4300,Philip,B4300
4301,Wendy,B4301
4302,Jeffrey,B4302
4303,Jesus,B4303
4304,Julie,B4304
4305,Jonathan,B4305
4306,Robert,B4306
4307,Erik,B4307
4308,Andrew,B4308
4309,Ann,B4309
4310,Alexis,B4310
4311,Jeffrey,B4311
4312,Amber,B4312
4313,Alejandro,B4313
4314,Andrew,B4314
4315,Robert,B4315
4316,Aaron,B4316
4317,Kimberly,B4317
4318,Jeffrey,B4318
4319,Paula,B4319
4320,Nicole,B4320
4321,Jessica,B4321
4322,Matthew,B4322
4323,Linda,B4323
4324,Jason,B4324
4325,John,B4325
4326,Jeremy,B4326
4327,Mary,B4327
4328,Todd,B4328
4329,Sandra,B4329
4330,Kenneth,B4330
4331,Lisa,B4331
4332,Tina,B4332
4333,Patrick,B4333
4334,Gwendolyn,B4334
4335,Samantha,B4335
4336,Kristen,B4336
4337,Cheryl,B4337
4338,Brendan,B4338
4339,Kayla,B4339
4340,Vanessa,B4340
4341,Jennifer,B4341
4342,Ruben,B4342
4343,William,B4343
4344,William,B4344
4345,Christina,B4345
4346,Edward,B4346
4347,James,B4347
4348,Nathan,B4348
4349,Jacob,B4349
4350,Sean,B4350
4351,Melissa,B4351
4352,Victoria,B4352
4353,Adam,B4353
4354,Peggy,B4354
4355,Jacob,B4355
4356,Alexander,B4356
4357,James,B4357
4358,Andrew,B4358
4359,Jaclyn,B4359
4360,Denise,B4360
4361,Lindsey,B4361
4362,Austin,B4362
4363,Cesar,B4363
4364,Teresa,B4364
4365,Mary,B4365
4366,Justin,B4366
4367,Laura,B4367
4368,Joseph,B4368
4369,Rachel,B4369
4370,Rachel,B4370
4371,James,B4371
4372,Allison,B4372
4373,Malik,B4373
4374,Ana,B4374
4375,David,B4375
4376,Michael,B4376
4377,Donald,B4377
4378,Brittany,B4378
4379,Allison,B4379
4380,Crystal,B4380
4381,Ashley,B4381
4382,Amanda,B4382
4383,Robert,B4383
4384,Michael,B4384
4385,David,B4385
4386,Jon,B4386
4387,Danielle,B4387
4388,Amy,B4388
4389,Antonio,B4389
4390,Steven,B4390
4391,Timothy,B4391
4392,Ashley,B4392
4393,April,B4393
4394,Eric,B4394
4395,Chloe,B4395
4396,Thomas,B4396
4397,Kristina,B4397
4398,Cynthia,B4398
4399,Pamela,B4399
4400,Thomas,B4400
4401,Lindsey,B4401
4402,Carla,B4402
4403,Nathan,B4403
4404,Elizabeth,B4404
4405,Dale,B4405
4406,Stephanie,B4406
4407,Austin,B4407
4408,Brandi,B4408
4409,Mark,B4409
4410,Virginia,B4410
4411,Reginald,B4411
4412,Stacy,B4412
4413,Brittany,B4413
4414,Brooke,B4414
4415,Michael,B4415
4416,Jeffrey,B4416
4417,Timothy,B4417
4418,Logan,B4418
4419,Amanda,B4419
4420,Marie,B4420
4421,Brett,B4421
4422,Anna,B4422
4423,Jeanne,B4423
4424,Valerie,B4424
4425,Mitchell,B4425
4426,Erica,B4426
4427,Melissa,B4427
4428,Diana,B4428
4429,Robert,B4429
4430,Daniel,B4430
4431,Kevin,B4431
4432,Justin,B4432
4433,Eric,B4433
4434,Carol,B4434
4436,Nichole,B4436
4437,Crystal,B4437
4438,Emma,B4438
4440,Gary,B4440
4441,Jeanne,B4441
4442,Joseph,B4442
4443,Jessica,B4443
4444,Lori,B4444
4445,Regina,B4445
4446,Jamie,B4446
4447,Philip,B4447
4448,Stanley,B4448
4449,Stephanie,B4449
4450,Anita,B4450
4451,Patricia,B4451
4452,Felicia,B4452
4453,Justin,B4453
4454,Jonathan,B4454
4455,Rachel,B4455
4456,Pamela,B4456
4457,Leonard,B4457
4458,Amber,B4458
4459,Samantha,B4459
4460,Corey,B4460
4461,Bruce,B4461
4462,Tommy,B4462
4463,Danielle,B4463
4464,Elizabeth,B4464
4465,April,B4465
4466,Kristina,B4466
4467,Catherine,B4467
4468,Frank,B4468
4469,Jared,B4469
4470,Deborah,B4470
4471,Amanda,B4471
4472,Rebecca,B4472
4473,Deborah,B4473
4474,Andrew,B4474
4475,Kayla,B4475
4476,Brittany,B4476
4477,Angela,B4477
4478,Jane,B4478
4479,Michael,B4479
4480,Bryan,B4480
4481,Catherine,B4481
4482,Frances,B4482
4483,Charles,B4483
4484,Carol,B4484
4485,Suzanne,B4485
4486,Kathryn,B4486
4488,Robert,B4488
4489,Stephanie,B4489
4490,Clayton,B4490
4491,Zachary,B4491
4492,Tiffany,B4492
4493,Jeff,B4493
4494,Greg,B4494
4495,Diana,B4495
4496,Cindy,B4496
4497,Seth,B4497
4498,Derek,B4498
4499,Michael,B4499
4500,Melissa,B4500
4501,Phyllis,B4501
4502,Robert,B4502
4503,John,B4503
4504,David,B4504
4505,Lisa,B4505
4506,Samuel,B4506
4507,Walter,B4507
4508,Julie,B4508
4509,Christian,B4509
4510,Ronald,B4510
4511,Deborah,B4511
4512,Lisa,B4512
4513,Katherine,B4513
4514,Colleen,B4514
4515,Brent,B4515
4516,Tracey,B4516
4517,Jason,B4517
4518,Craig,B4518
4519,Kevin,B4519
4520,Danny,B4520
4521,Andrew,B4521
4522,Jennifer,B4522
4523,Cynthia,B4523
4524,Eric,B4524
4525,Jason,B4525
4526,William,B4526
4527,Shane,B4527
4528,Stephanie,B4528
4529,Jennifer,B4529
4530,Debra,B4530
4531,Kayla,B4531
4532,Virginia,B4532
4533,Ryan,B4533
4534,Michael,B4534
4535,Miguel,B4535
4536,Kristy,B4536
4537,Carmen,B4537
4538,Jenna,B4538
4539,Rodney,B4539
4540,Angela,B4540
4541,Nicholas,B4541
4542,Jessica,B4542
4543,Jeff,B4543
4544,Dean,B4544
4545,Glen,B4545
4546,Steven,B4546
4547,Cassidy,B4547
4548,Gary,B4548
4549,Raymond,B4549
4550,Kenneth,B4550
4551,Marissa,B4551
4552,Amy,B4552
4553,Justin,B4553
4554,James,B4554
4555,Mark,B4555
4556,Thomas,B4556
4557,Todd,B4557
4558,Theresa,B4558
4559,Amy,B4559
4560,Kevin,B4560
4561,Rebecca,B4561
4562,Joshua,B4562
4563,Cynthia,B4563
4564,Miranda,B4564
4565,Erin,B4565
4566,Heather,B4566
4567,Elizabeth,B4567
4568,Chase,B4568
4569,Andrea,B4569
4570,Sarah,B4570
4571,Wyatt,B4571
4572,Erin,B4572
4573,Jeremy,B4573
4574,John,B4574
4575,Heather,B4575
4576,Devin,B4576
4577,Sara,B4577
4578,Vincent,B4578
4579,Jose,B4579
4580,Tonya,B4580
4581,Cheryl,B4581
4582,Sarah,B4582
4583,Michael,B4583
4584,Jasmine,B4584
4585,Tara,B4585
4586,Jared,B4586
4587,Bradley,B4587
4588,Blake,B4588
4589,Steve,B4589
4590,Tiffany,B4590
4591,Nathan,B4591
4592,Nicole,B4592
4593,Karina,B4593
4595,Anthony,B4595
4596,Thomas,B4596
4597,Trevor,B4597
4598,Michelle,B4598
4599,Dennis,B4599
4600,Joel,B4600
4601,Holly,B4601
4602,Richard,B4602
4603,Heather,B4603
4604,Mary,B4604
4605,Brittney,B4605
4606,Joy,B4606
4607,Chad,B4607
4608,David,B4608
4609,Sarah,B4609
4610,James,B4610
4611,Jeffrey,B4611
4612,Sheila,B4612
4613,Joanna,B4613
4614,William,B4614
4615,Travis,B4615
4616,Alexis,B4616
4617,Tracy,B4617
4618,Robert,B4618
4619,Mitchell,B4619
4620,Joshua,B4620
4621,Donna,B4621
4622,Sara,B4622
4623,Caitlin,B4623
4624,Rhonda,B4624
4625,Ryan,B4625
4626,Calvin,B4626
4627,Benjamin,B4627
4628,Brandon,B4628
4629,Gloria,B4629
4630,Aaron,B4630
4631,Derrick,B4631
4632,Patrick,B4632
4633,Carl,B4633
4634,Laura,B4634
4635,Joshua,B4635
4636,Catherine,B4636
4637,Hector,B4637
4638,George,B4638
4639,Margaret,B4639
4640,Stephen,B4640
4641,Cory,B4641
4642,Julia,B4642
4643,Norman,B4643
4644,Heather,B4644
4645,Steve,B4645
4646,Tina,B4646
4647,James,B4647
4648,William,B4648
4649,Stephanie,B4649
4650,Michael,B4650
4651,David,B4651
4652,Sean,B4652
4653,Michael,B4653
4654,Tiffany,B4654
4655,Paul,B4655
4656,Kara,B4656
4658,Thomas,B4658
4659,Kimberly,B4659
4660,Justin,B4660
4661,Sydney,B4661
4662,Francisco,B4662
4663,Robin,B4663
4664,Mary,B4664
4665,Douglas,B4665
4666,Thomas,B4666
4667,Cindy,B4667
4668,Sierra,B4668
4669,Deborah,B4669
4670,Joseph,B4670
4671,Derrick,B4671
4672,Clayton,B4672
4673,Barbara,B4673
4674,Kevin,B4674
4675,Eugene,B4675
4676,Zachary,B4676
4677,Carl,B4677
4678,Natasha,B4678
4679,Robert,B4679
4680,Alyssa,B4680
4681,George,B4681
4682,Douglas,B4682
4683,Joseph,B4683
4684,Matthew,B4684
4685,Rachel,B4685
4686,Henry,B4686
4687,Cynthia,B4687
4688,Gail,B4688
4689,Ryan,B4689
4690,Jo,B4690
4691,Kelly,B4691
4692,Paul,B4692
4693,Ralph,B4693
4694,Teresa,B4694
4695,Thomas,B4695
4696,Debbie,B4696
4697,Brandon,B4697
4698,Janet,B4698
4699,Susan,B4699
4700,Eddie,B4700
4701,Sarah,B4701
4702,Destiny,B4702
4703,Bethany,B4703
4705,Justin,B4705
4706,Phillip,B4706
4707,Charles,B4707
4708,Hannah,B4708
4709,Katrina,B4709
4710,Steven,B4710
4711,Barbara,B4711
4712,Beth,B4712
4713,Meghan,B4713
4714,Laura,B4714
4715,Thomas,B4715
4716,Dylan,B4716
4717,Michael,B4717
4718,Sylvia,B4718
4719,Andrew,B4719
4720,Tyler,B4720
4721,Gregory,B4721
4722,Matthew,B4722
4723,Stacy,B4723
4724,Gloria,B4724
4725,Danielle,B4725
4726,Elizabeth,B4726
4727,Troy,B4727
4728,Marc,B4728
4729,James,B4729
4730,Barbara,B4730
4731,Nicole,B4731
4732,Colleen,B4732
4733,Justin,B4733
4734,James,B4734
4735,Tracy,B4735
4736,Brian,B4736
4737,Kristine,B4737
4738,Dylan,B4738
4739,Michael,B4739
4740,Kimberly,B4740
4741,Sylvia,B4741
4742,Samantha,B4742
4743,Troy,B4743
4744,Katherine,B4744
4745,Jonathan,B4745
4746,Christine,B4746
4747,Edgar,B4747
4748,Javier,B4748
4749,Derrick,B4749
4750,Ryan,B4750
4751,David,B4751
4752,Rose,B4752
4753,Felicia,B4753
4754,Tricia,B4754
4755,Brittany,B4755
4756,Brandi,B4756
4757,Stephanie,B4757
4758,Crystal,B4758
4759,Ronald,B4759
4760,Amanda,B4760
4761,Brenda,B4761
4762,James,B4762
4763,Megan,B4763
4764,Cynthia,B4764
4765,Ronald,B4765
4766,Tiffany,B4766
4767,Kimberly,B4767
4768,Julie,B4768
4769,Roy,B4769
4770,James,B4770
4771,Douglas,B4771
4772,Morgan,B4772
4773,Brittany,B4773
4774,Tara,B4774
4775,Manuel,B4775
4776,Sabrina,B4776
4777,Natalie,B4777
4778,Calvin,B4778
4779,Matthew,B4779
4780,Laura,B4780
4781,Charles,B4781
4782,Donald,B4782
4784,Diane,B4784
4785,Timothy,B4785
4786,Ruben,B4786
4787,James,B4787
4788,Joseph,B4788
4789,Amanda,B4789
4790,Hunter,B4790
4791,Brandi,B4791
4792,Alexander,B4792
4793,Alexander,B4793
4794,Dakota,B4794
4795,Jeff,B4795
4796,Wesley,B4796
4797,Angela,B4797
4798,Jessica,B4798
4799,Margaret,B4799
4800,Kristen,B4800
4801,Mark,B4801
4802,Adam,B4802
4803,Mary,B4803
4804,David,B4804
4805,Betty,B4805
4807,Katherine,B4807
4808,Stephanie,B4808
4809,Sarah,B4809
4810,Ana,B4810
4811,Lisa,B4811
4812,Sharon,B4812
4813,Lisa,B4813
4814,Bryan,B4814
4815,Caroline,B4815
4816,Gary,B4816
4817,Troy,B4817
4818,Jennifer,B4818
4819,Alex,B4819
4820,Wendy,B4820
4821,Brandon,B4821
4822,Courtney,B4822
4823,Alex,B4823
4824,Andrew,B4824
4825,Nancy,B4825
4826,Dana,B4826
4827,Derek,B4827
4828,Bobby,B4828
4829,Frank,B4829
4830,Jessica,B4830
4831,Kayla,B4831
4832,Anthony,B4832
4833,Matthew,B4833
4834,Tyler,B4834
4835,Natalie,B4835
4836,Gabriela,B4836
4837,Mark,B4837
4838,Jamie,B4838
4839,Barbara,B4839
4840,Leonard,B4840
4841,Mary,B4841
4842,Dustin,B4842
4843,Susan,B4843
4844,Jerry,B4844
4845,Vanessa,B4845
4846,Jason,B4846
4847,Justin,B4847
4848,David,B4848
4849,Barbara,B4849
4850,Brenda,B4850
4851,Monica,B4851
4852,Dennis,B4852
4853,Kelli,B4853
4854,Carl,B4854
4855,Felicia,B4855
4856,Jeremiah,B4856
4857,Raymond,B4857
4858,Amanda,B4858
4859,Michael,B4859
4860,Carmen,B4860
4861,Amanda,B4861
4862,Shannon,B4862
4863,Jeremy,B4863
4864,Alejandro,B4864
4865,Daniel,B4865
4866,Lydia,B4866
4867,Rebecca,B4867
4868,Melissa,B4868
4869,Rachel,B4869
4870,Angela,B4870
4871,Gregory,B4871
4872,John,B4872
4873,Michael,B4873
4874,David,B4874
4875,Thomas,B4875
4876,William,B4876
4877,Jackson,B4877
4878,Jamie,B4878
4879,Kelly,B4879
4880,Andrea,B4880
4881,Jessica,B4881
4882,Michael,B4882
4883,Walter,B4883
4884,Erica,B4884
4885,James,B4885
4886,Sean,B4886
4887,Chelsea,B4887
4888,Mark,B4888
4889,Daniel,B4889
4890,Connor,B4890
4891,Cindy,B4891
4892,David,B4892
4893,Victoria,B4893
4894,Daniel,B4894
4895,Donna,B4895
4896,Timothy,B4896
4897,Robert,B4897
4898,Annette,B4898
4899,Cynthia,B4899
4900,Raymond,B4900
4901,Christine,B4901
4902,Terry,B4902
4903,Traci,B4903
4904,Anna,B4904
4905,Jose,B4905
4906,Adam,B4906
4907,Melissa,B4907
4909,Monica,B4909
4910,Melissa,B4910
4911,Cynthia,B4911
4912,Jessica,B4912
4913,Jeremy,B4913
4914,Erika,B4914
4915,Michael,B4915
4917,Joshua,B4917
4918,Daniel,B4918
4919,Preston,B4919
4920,Vernon,B4920
4922,Alyssa,B4922
4923,Amber,B4923
4924,Thomas,B4924
4925,Kevin,B4925
4926,John,B4926
4927,Erica,B4927
4928,Derrick,B4928
4929,Natasha,B4929
4930,William,B4930
4931,Lisa,B4931
4932,Victoria,B4932
4933,Caitlin,B4933
4934,Kevin,B4934
4935,Mary,B4935
4936,Ryan,B4936
4937,Veronica,B4937
4938,Mark,B4938
4939,Sarah,B4939
4940,Darryl,B4940
4941,Scott,B4941
4942,Tyler,B4942
4943,Sheryl,B4943
4944,Alyssa,B4944
4945,Elaine,B4945
4946,Samantha,B4946
4947,Brandon,B4947
4948,Andrew,B4948
4949,Corey,B4949
4950,James,B4950
4951,Kevin,B4951
4952,Brianna,B4952
4953,Erika,B4953
4954,Elizabeth,B4954
4955,Teresa,B4955
4956,Whitney,B4956
4957,Tammy,B4957
4958,Nicholas,B4958
4959,Charles,B4959
4960,Margaret,B4960
4961,David,B4961
4962,Dana,B4962
4964,Larry,B4964
4965,Donna,B4965
4966,Jennifer,B4966
4967,Ronald,B4967
4968,Kyle,B4968
4969,Stephen,B4969
4970,Richard,B4970
4971,Jessica,B4971
4972,Jason,B4972
4973,Brandi,B4973
4974,Brandy,B4974
4975,Dennis,B4975
4976,Brenda,B4976
4977,Timothy,B4977
4978,Nathan,B4978
4979,James,B4979
4980,Brandon,B4980
4981,Jennifer,B4981
4982,Kara,B4982
4983,Mary,B4983
4984,Gregory,B4984
4985,Justin,B4985
4986,Juan,B4986
4987,Michael,B4987
4988,Olivia,B4988
4989,Samantha,B4989
4990,Tyler,B4990
4991,Barry,B4991
4992,Kellie,B4992
4993,Philip,B4993
4994,Julie,B4994
4995,Michael,B4995
4997,Katherine,B4997
4998,Shawn,B4998
4999,Michael,B4999
5000,Joseph,B5000
