id_service,codeService,title
1,S-1,Brand Activation Events
2,S-2,Event Security Management
3,S-3,Sustainable Event Management
4,S-4,Corporate Gala Organization
5,S-5,Signage & Wayfinding Solutions
6,S-6,Opening Ceremony Management
7,S-7,VIP Event Management
8,S-8,Virtual Event Production
9,S-9,Protocol & Hospitality Services
10,S-10,No title
11,S-11,Conference Management Service
12,S-12,Annual General Meeting Management
13,S-13,Charity Event Organization
14,S-14,Luxury Event Planning
15,S-15,On-Site Event Coordination
16,S-16,Concert Event Management
17,S-17,Green Event Planning
18,S-18,Trade Show Organization
19,S-19,Event Decoration & Design
20,S-20,Conference Management Service
21,S-21,Event Performance Analysis
22,S-22,Trade Show Organization
23,S-23,Event Feedback Collection
24,S-24,Festival Planning & Coordination
25,S-25,Lighting Design Services
26,S-26,Event Promotion & Marketing
27,S-27,No title
28,S-28,Guest Experience Optimization
29,S-29,Custom Event Concept Design
30,S-30,After-Event Cleanup Coordination
31,S-31,No title
32,S-32,Event Staffing Management
33,S-33,Product Launch Organization
34,S-34,Hybrid Event Management
35,S-35,Wedding Coordination Service
36,S-36,Corporate Retreat Organization
37,S-37,Corporate Gala Organization
38,S-38,Event Branding Services
39,S-39,Product Launch Organization
40,S-40,Event Ticketing Management
41,S-41,Roadshow Event Organization
42,S-42,Event Ticketing Management
43,S-43,Live Streaming Event Services
44,S-44,Sports Event Organization
45,S-45,No title
46,S-46,Lighting Design Services
47,S-47,Supplier Coordination Service
48,S-48,No title
49,S-49,No title
50,S-50,Risk Management for Events
51,S-51,Corporate Seminar Organization
52,S-52,Tech Conference Management
53,S-53,Event Ticketing Management
54,S-54,Stage Design & Setup
55,S-55,After-Event Cleanup Coordination
56,S-56,Sustainable Event Management
57,S-57,Event Ticketing Management
58,S-58,RSVP Management Service
59,S-59,Tech Conference Management
60,S-60,On-Site Event Coordination
61,S-61,Guest Experience Optimization
62,S-62,Hybrid Event Management
63,S-63,Charity Event Organization
64,S-64,No title
65,S-65,No title
66,S-66,Trade Show Organization
67,S-67,Closing Ceremony Organization
68,S-68,No title
69,S-69,Sports Event Organization
70,S-70,Wedding Coordination Service
71,S-71,Event Ticketing Management
72,S-72,Closing Ceremony Organization
73,S-73,Event Transportation Management
74,S-74,No title
75,S-75,Concert Event Management
76,S-76,Event Decoration & Design
77,S-77,Educational Event Planning
78,S-78,Roadshow Event Organization
79,S-79,No title
80,S-80,Event Logistics Management
81,S-81,No title
82,S-82,No title
83,S-83,Private Party Planning
84,S-84,Charity Event Organization
85,S-85,Virtual Event Production
86,S-86,Private Party Planning
87,S-87,Team Building Event Planning
88,S-88,Private Party Planning
89,S-89,No title
90,S-90,Event Compliance & Permits
91,S-91,Opening Ceremony Management
92,S-92,Full-Service Event Management
93,S-93,Corporate Networking Events
94,S-94,Tech Conference Management
95,S-95,Event Content Production
96,S-96,Private Party Planning
97,S-97,No title
98,S-98,Tech Conference Management
99,S-99,Event Staffing Management
100,S-100,Risk Management for Events
101,S-101,Corporate Training Events
102,S-102,Innovation Summit Planning
103,S-103,No title
104,S-104,Tech Conference Management
105,S-105,Event Ticketing Management
106,S-106,Corporate Retreat Organization
107,S-107,Festival Planning & Coordination
108,S-108,Risk Management for Events
109,S-109,No title
110,S-110,Host & MC Coordination
111,S-111,Destination Event Management
112,S-112,Audio & Visual Setup Service
113,S-113,Brand Activation Events
114,S-114,Event Decoration & Design
115,S-115,No title
116,S-116,Indoor Event Planning
117,S-117,On-Site Event Coordination
118,S-118,Press Conference Management
119,S-119,Private Party Planning
120,S-120,VIP Event Management
121,S-121,Team Building Event Planning
122,S-122,No title
123,S-123,Cultural Event Coordination
124,S-124,Team Building Event Planning
125,S-125,Live Streaming Event Services
126,S-126,Outdoor Event Management
127,S-127,On-Site Event Coordination
128,S-128,Brand Activation Events
129,S-129,Custom Event Concept Design
130,S-130,Event Feedback Collection
131,S-131,Catering Coordination Service
132,S-132,Audio & Visual Setup Service
133,S-133,Host & MC Coordination
134,S-134,Live Streaming Event Services
135,S-135,No title
136,S-136,Tech Conference Management
137,S-137,No title
138,S-138,Protocol & Hospitality Services
139,S-139,Post-Event Reporting & Analysis
140,S-140,Festival Planning & Coordination
141,S-141,Client Appreciation Events
142,S-142,Private Party Planning
143,S-143,Event Insurance Coordination
144,S-144,Brand Activation Events
145,S-145,Trade Show Organization
146,S-146,Cultural Event Coordination
147,S-147,Hybrid Event Management
148,S-148,No title
149,S-149,Host & MC Coordination
150,S-150,Opening Ceremony Management
151,S-151,Event Feedback Collection
152,S-152,Event Content Production
153,S-153,Event Content Production
154,S-154,No title
155,S-155,VIP Event Management
156,S-156,Product Demonstration Events
157,S-157,Outdoor Event Management
158,S-158,Event Content Production
159,S-159,VIP Guest Handling Service
160,S-160,Post-Event Reporting & Analysis
161,S-161,Private Party Planning
162,S-162,Press Conference Management
163,S-163,Sustainable Event Management
164,S-164,Startup Pitch Event Organization
165,S-165,Concert Event Management
166,S-166,Risk Management for Events
167,S-167,Event Staffing Management
168,S-168,VIP Event Management
169,S-169,Event Branding Services
170,S-170,Employee Engagement Events
171,S-171,Brand Activation Events
172,S-172,Trade Show Organization
173,S-173,No title
174,S-174,Event Logistics Management
175,S-175,Private Party Planning
176,S-176,Exhibition Management Service
177,S-177,Product Demonstration Events
178,S-178,No title
179,S-179,Post-Event Reporting & Analysis
180,S-180,Sports Event Organization
181,S-181,Event Crisis Management
182,S-182,Executive Event Coordination
183,S-183,Charity Event Organization
184,S-184,Event Security Management
185,S-185,Cultural Event Coordination
186,S-186,Corporate Networking Events
187,S-187,Indoor Event Planning
188,S-188,No title
189,S-189,Hybrid Event Management
190,S-190,Destination Event Management
191,S-191,After-Event Cleanup Coordination
192,S-192,Team Building Event Planning
193,S-193,Workshop Planning Service
194,S-194,RSVP Management Service
195,S-195,Exhibition Management Service
196,S-196,Corporate Networking Events
197,S-197,Brand Activation Events
198,S-198,Cultural Event Coordination
199,S-199,Corporate Training Events
200,S-200,No title
201,S-201,Destination Event Management
202,S-202,No title
203,S-203,No title
204,S-204,Protocol & Hospitality Services
205,S-205,Host & MC Coordination
206,S-206,Corporate Networking Events
207,S-207,VIP Guest Handling Service
208,S-208,Host & MC Coordination
209,S-209,Charity Event Organization
210,S-210,VIP Event Management
211,S-211,No title
212,S-212,Full-Service Event Management
213,S-213,Guest Experience Optimization
214,S-214,Brand Activation Events
215,S-215,No title
216,S-216,Event Crisis Management
217,S-217,Press Conference Management
218,S-218,No title
219,S-219,RSVP Management Service
220,S-220,Corporate Training Events
221,S-221,No title
222,S-222,Event Compliance & Permits
223,S-223,No title
224,S-224,Catering Coordination Service
225,S-225,Live Streaming Event Services
226,S-226,Post-Event Reporting & Analysis
227,S-227,Virtual Event Production
228,S-228,Corporate Retreat Organization
229,S-229,Event Promotion & Marketing
230,S-230,No title
231,S-231,Custom Event Concept Design
232,S-232,Event Performance Analysis
233,S-233,Concert Event Management
234,S-234,Press Conference Management
235,S-235,Closing Ceremony Organization
236,S-236,VIP Event Management
237,S-237,Exhibition Management Service
238,S-238,Tech Conference Management
239,S-239,Charity Event Organization
240,S-240,Community Event Management
241,S-241,Indoor Event Planning
242,S-242,No title
243,S-243,Guest Registration Management
244,S-244,Event Content Production
245,S-245,No title
246,S-246,Trade Show Organization
247,S-247,Catering Coordination Service
248,S-248,Event Feedback Collection
249,S-249,Event Budget Management
250,S-250,VIP Guest Handling Service
251,S-251,On-Site Event Coordination
252,S-252,Virtual Event Production
253,S-253,Charity Event Organization
254,S-254,No title
255,S-255,Post-Event Reporting & Analysis
256,S-256,No title
257,S-257,Event Feedback Collection
258,S-258,Hybrid Event Management
259,S-259,Community Event Management
260,S-260,Stage Design & Setup
261,S-261,RSVP Management Service
262,S-262,Fundraising Event Planning
263,S-263,Product Launch Organization
264,S-264,Innovation Summit Planning
265,S-265,Signage & Wayfinding Solutions
266,S-266,Community Event Management
267,S-267,Corporate Gala Organization
268,S-268,Catering Coordination Service
269,S-269,Wedding Coordination Service
270,S-270,Brand Activation Events
271,S-271,Event Insurance Coordination
272,S-272,Event Performance Analysis
273,S-273,Corporate Seminar Organization
274,S-274,No title
275,S-275,Closing Ceremony Organization
276,S-276,Custom Event Concept Design
277,S-277,No title
278,S-278,Fundraising Event Planning
279,S-279,Concert Event Management
280,S-280,Risk Management for Events
281,S-281,Event Budget Management
282,S-282,VIP Event Management
283,S-283,Event Security Management
284,S-284,Supplier Coordination Service
285,S-285,No title
286,S-286,Hybrid Event Management
287,S-287,No title
288,S-288,Corporate Gala Organization
289,S-289,Corporate Training Events
290,S-290,Award Ceremony Management
291,S-291,Post-Event Reporting & Analysis
292,S-292,No title
293,S-293,Team Building Event Planning
294,S-294,No title
295,S-295,Corporate Training Events
296,S-296,Concert Event Management
297,S-297,Press Conference Management
298,S-298,Innovation Summit Planning
299,S-299,Event Transportation Management
300,S-300,Exhibition Management Service
301,S-301,Opening Ceremony Management
302,S-302,Team Building Event Planning
303,S-303,Outdoor Event Management
304,S-304,No title
305,S-305,Green Event Planning
306,S-306,Live Streaming Event Services
307,S-307,Educational Event Planning
308,S-308,Event Performance Analysis
309,S-309,Protocol & Hospitality Services
310,S-310,Guest Registration Management
311,S-311,Corporate Retreat Organization
312,S-312,Conference Management Service
313,S-313,No title
314,S-314,Event Staffing Management
315,S-315,Cultural Event Coordination
316,S-316,Employee Engagement Events
317,S-317,Corporate Gala Organization
318,S-318,Opening Ceremony Management
319,S-319,Event Security Management
320,S-320,Catering Coordination Service
321,S-321,Private Party Planning
322,S-322,No title
323,S-323,Indoor Event Planning
324,S-324,No title
325,S-325,Protocol & Hospitality Services
326,S-326,Festival Planning & Coordination
327,S-327,Luxury Wedding Planning
328,S-328,Host & MC Coordination
329,S-329,Corporate Retreat Organization
330,S-330,Sports Event Organization
331,S-331,Virtual Event Production
332,S-332,Event Videography Services
333,S-333,Educational Event Planning
334,S-334,Exhibition Management Service
335,S-335,Green Event Planning
336,S-336,No title
337,S-337,Event Ticketing Management
338,S-338,Sound System Management
339,S-339,Corporate Seminar Organization
340,S-340,Virtual Event Production
341,S-341,Team Building Event Planning
342,S-342,Protocol & Hospitality Services
343,S-343,Venue Selection & Booking
344,S-344,Corporate Event Planning
345,S-345,Community Event Management
346,S-346,VIP Event Management
347,S-347,Product Launch Organization
348,S-348,No title
349,S-349,Sustainable Event Management
350,S-350,Guest Experience Optimization
351,S-351,RSVP Management Service
352,S-352,Guest Registration Management
353,S-353,Audio & Visual Setup Service
354,S-354,Outdoor Event Management
355,S-355,Workshop Planning Service
356,S-356,Private Party Planning
357,S-357,Brand Activation Events
358,S-358,Tech Conference Management
359,S-359,Sports Event Organization
360,S-360,Event Content Production
361,S-361,Event Branding Services
362,S-362,Product Launch Organization
363,S-363,Sustainable Event Management
364,S-364,Innovation Summit Planning
365,S-365,Innovation Summit Planning
366,S-366,Corporate Event Planning
367,S-367,Exhibition Management Service
368,S-368,Post-Event Reporting & Analysis
369,S-369,Opening Ceremony Management
370,S-370,Product Demonstration Events
371,S-371,Event Decoration & Design
372,S-372,No title
373,S-373,Closing Ceremony Organization
374,S-374,No title
375,S-375,Roadshow Event Organization
376,S-376,On-Site Event Coordination
377,S-377,Sustainable Event Management
378,S-378,Corporate Training Events
379,S-379,Outdoor Event Management
380,S-380,Cultural Event Coordination
381,S-381,No title
382,S-382,After-Event Cleanup Coordination
383,S-383,Corporate Retreat Organization
384,S-384,Green Event Planning
385,S-385,Innovation Summit Planning
386,S-386,Cultural Event Coordination
387,S-387,Corporate Gala Organization
388,S-388,No title
389,S-389,No title
390,S-390,Outdoor Event Management
391,S-391,Venue Selection & Booking
392,S-392,Startup Pitch Event Organization
393,S-393,Cultural Event Coordination
394,S-394,Wedding Coordination Service
395,S-395,Annual General Meeting Management
396,S-396,Post-Event Reporting & Analysis
397,S-397,After-Event Cleanup Coordination
398,S-398,Supplier Coordination Service
399,S-399,Luxury Event Planning
400,S-400,Opening Ceremony Management
401,S-401,Guest Registration Management
402,S-402,Wedding Coordination Service
403,S-403,Event Videography Services
404,S-404,Corporate Networking Events
405,S-405,No title
406,S-406,Destination Event Management
407,S-407,Event Ticketing Management
408,S-408,Exhibition Management Service
409,S-409,Conference Management Service
410,S-410,Supplier Coordination Service
411,S-411,Event Photography Services
412,S-412,Event Logistics Management
413,S-413,No title
414,S-414,No title
415,S-415,Green Event Planning
416,S-416,Press Conference Management
417,S-417,Sports Event Organization
418,S-418,No title
419,S-419,Roadshow Event Organization
420,S-420,Tech Conference Management
421,S-421,Product Demonstration Events
422,S-422,Educational Event Planning
423,S-423,Event Compliance & Permits
424,S-424,No title
425,S-425,Event Branding Services
426,S-426,Event Insurance Coordination
427,S-427,VIP Event Management
428,S-428,No title
429,S-429,Team Building Event Planning
430,S-430,Luxury Wedding Planning
431,S-431,Event Videography Services
432,S-432,Hybrid Event Management
433,S-433,Post-Event Reporting & Analysis
434,S-434,No title
435,S-435,No title
436,S-436,Catering Coordination Service
437,S-437,Fundraising Event Planning
438,S-438,Guest Registration Management
439,S-439,Event Transportation Management
440,S-440,Sustainable Event Management
441,S-441,VIP Event Management
442,S-442,Executive Event Coordination
443,S-443,No title
444,S-444,VIP Guest Handling Service
445,S-445,Live Streaming Event Services
446,S-446,Event Performance Analysis
447,S-447,Corporate Event Planning
448,S-448,Event Crisis Management
449,S-449,Catering Coordination Service
450,S-450,Signage & Wayfinding Solutions
451,S-451,Sound System Management
452,S-452,No title
453,S-453,Guest Registration Management
454,S-454,Protocol & Hospitality Services
455,S-455,Event Budget Management
456,S-456,No title
457,S-457,Corporate Seminar Organization
458,S-458,Executive Event Coordination
459,S-459,Full-Service Event Management
460,S-460,Luxury Wedding Planning
461,S-461,Event Budget Management
462,S-462,Event Promotion & Marketing
463,S-463,Event Compliance & Permits
464,S-464,Sports Event Organization
465,S-465,Sustainable Event Management
466,S-466,No title
467,S-467,Event Photography Services
468,S-468,Risk Management for Events
469,S-469,Risk Management for Events
470,S-470,RSVP Management Service
471,S-471,Conference Management Service
472,S-472,Private Party Planning
473,S-473,Opening Ceremony Management
474,S-474,Guest Registration Management
475,S-475,Event Photography Services
476,S-476,Award Ceremony Management
477,S-477,Event Decoration & Design
478,S-478,Workshop Planning Service
479,S-479,Event Crisis Management
480,S-480,Corporate Seminar Organization
481,S-481,Concert Event Management
482,S-482,Event Content Production
483,S-483,Festival Planning & Coordination
484,S-484,Tech Conference Management
485,S-485,Annual General Meeting Management
486,S-486,Catering Coordination Service
487,S-487,Team Building Event Planning
488,S-488,On-Site Event Coordination
489,S-489,Cultural Event Coordination
490,S-490,Lighting Design Services
491,S-491,No title
492,S-492,No title
493,S-493,Green Event Planning
494,S-494,Networking Cocktail Events
495,S-495,Concert Event Management
496,S-496,Virtual Event Production
497,S-497,Festival Planning & Coordination
498,S-498,Guest Registration Management
499,S-499,No title
500,S-500,Festival Planning & Coordination
501,S-501,Event Compliance & Permits
502,S-502,Catering Coordination Service
503,S-503,Festival Planning & Coordination
504,S-504,Venue Selection & Booking
505,S-505,No title
506,S-506,Charity Event Organization
507,S-507,Live Streaming Event Services
508,S-508,Event Scheduling & Planning
509,S-509,Brand Activation Events
510,S-510,Exhibition Management Service
511,S-511,Corporate Training Events
512,S-512,After-Event Cleanup Coordination
513,S-513,Event Budget Management
514,S-514,Luxury Event Planning
515,S-515,Guest Experience Optimization
516,S-516,Green Event Planning
517,S-517,VIP Guest Handling Service
518,S-518,Corporate Training Events
519,S-519,Educational Event Planning
520,S-520,Stage Design & Setup
521,S-521,No title
522,S-522,RSVP Management Service
523,S-523,Press Conference Management
524,S-524,Hybrid Event Management
525,S-525,Networking Cocktail Events
526,S-526,Event Transportation Management
527,S-527,Destination Event Management
528,S-528,Workshop Planning Service
529,S-529,Event Transportation Management
530,S-530,Event Decoration & Design
531,S-531,Community Event Management
532,S-532,Trade Show Organization
533,S-533,No title
534,S-534,Corporate Event Planning
535,S-535,Press Conference Management
536,S-536,Venue Selection & Booking
537,S-537,Employee Engagement Events
538,S-538,Event Budget Management
539,S-539,Luxury Event Planning
540,S-540,Catering Coordination Service
541,S-541,Startup Pitch Event Organization
542,S-542,After-Event Cleanup Coordination
543,S-543,Event Photography Services
544,S-544,Signage & Wayfinding Solutions
545,S-545,Green Event Planning
546,S-546,Virtual Event Production
547,S-547,Event Insurance Coordination
548,S-548,Indoor Event Planning
549,S-549,VIP Guest Handling Service
550,S-550,Luxury Event Planning
551,S-551,No title
552,S-552,Private Party Planning
553,S-553,Charity Event Organization
554,S-554,Supplier Coordination Service
555,S-555,Cultural Event Coordination
556,S-556,Startup Pitch Event Organization
557,S-557,Wedding Coordination Service
558,S-558,Event Promotion & Marketing
559,S-559,Audio & Visual Setup Service
560,S-560,After-Event Cleanup Coordination
561,S-561,Event Compliance & Permits
562,S-562,Team Building Event Planning
563,S-563,Event Promotion & Marketing
564,S-564,Stage Design & Setup
565,S-565,Luxury Event Planning
566,S-566,No title
567,S-567,Product Demonstration Events
568,S-568,Cultural Event Coordination
569,S-569,Award Ceremony Management
570,S-570,Live Streaming Event Services
571,S-571,Educational Event Planning
572,S-572,Community Event Management
573,S-573,Event Budget Management
574,S-574,No title
575,S-575,Event Security Management
576,S-576,Corporate Training Events
577,S-577,Custom Event Concept Design
578,S-578,Event Decoration & Design
579,S-579,No title
580,S-580,Sound System Management
581,S-581,Event Decoration & Design
582,S-582,Lighting Design Services
583,S-583,Full-Service Event Management
584,S-584,Event Content Production
585,S-585,Closing Ceremony Organization
586,S-586,Educational Event Planning
587,S-587,No title
588,S-588,Wedding Coordination Service
589,S-589,Green Event Planning
590,S-590,Corporate Networking Events
591,S-591,Guest Experience Optimization
592,S-592,Community Event Management
593,S-593,Event Performance Analysis
594,S-594,Signage & Wayfinding Solutions
595,S-595,Event Videography Services
596,S-596,No title
597,S-597,Event Staffing Management
598,S-598,Event Performance Analysis
599,S-599,Indoor Event Planning
600,S-600,Sustainable Event Management
601,S-601,Lighting Design Services
602,S-602,Green Event Planning
603,S-603,Press Conference Management
604,S-604,No title
605,S-605,VIP Event Management
606,S-606,Corporate Seminar Organization
607,S-607,Signage & Wayfinding Solutions
608,S-608,Exhibition Management Service
609,S-609,No title
610,S-610,No title
611,S-611,Cultural Event Coordination
612,S-612,Event Videography Services
613,S-613,Sound System Management
614,S-614,Festival Planning & Coordination
615,S-615,VIP Guest Handling Service
616,S-616,Roadshow Event Organization
617,S-617,No title
618,S-618,No title
619,S-619,Workshop Planning Service
620,S-620,Virtual Event Production
621,S-621,Product Launch Organization
622,S-622,Event Photography Services
623,S-623,Custom Event Concept Design
624,S-624,No title
625,S-625,Corporate Event Planning
626,S-626,No title
627,S-627,Audio & Visual Setup Service
628,S-628,Conference Management Service
629,S-629,Networking Cocktail Events
630,S-630,Cultural Event Coordination
631,S-631,Roadshow Event Organization
632,S-632,Product Demonstration Events
633,S-633,No title
634,S-634,Post-Event Reporting & Analysis
635,S-635,Event Videography Services
636,S-636,Opening Ceremony Management
637,S-637,VIP Event Management
638,S-638,Roadshow Event Organization
639,S-639,Custom Event Concept Design
640,S-640,Concert Event Management
641,S-641,Event Videography Services
642,S-642,Cultural Event Coordination
643,S-643,Community Event Management
644,S-644,Lighting Design Services
645,S-645,No title
646,S-646,Catering Coordination Service
647,S-647,Event Content Production
648,S-648,Host & MC Coordination
649,S-649,Press Conference Management
650,S-650,Corporate Training Events
651,S-651,Indoor Event Planning
652,S-652,Stage Design & Setup
653,S-653,Hybrid Event Management
654,S-654,Corporate Training Events
655,S-655,RSVP Management Service
656,S-656,Product Demonstration Events
657,S-657,No title
658,S-658,Outdoor Event Management
659,S-659,Wedding Coordination Service
660,S-660,Roadshow Event Organization
661,S-661,Event Crisis Management
662,S-662,On-Site Event Coordination
663,S-663,VIP Guest Handling Service
664,S-664,Outdoor Event Management
665,S-665,Lighting Design Services
666,S-666,Concert Event Management
667,S-667,Post-Event Reporting & Analysis
668,S-668,Product Launch Organization
669,S-669,Innovation Summit Planning
670,S-670,Luxury Wedding Planning
671,S-671,Educational Event Planning
672,S-672,Exhibition Management Service
673,S-673,Corporate Gala Organization
674,S-674,Outdoor Event Management
675,S-675,Concert Event Management
676,S-676,Catering Coordination Service
677,S-677,No title
678,S-678,Annual General Meeting Management
679,S-679,Destination Event Management
680,S-680,Live Streaming Event Services
681,S-681,Custom Event Concept Design
682,S-682,Event Feedback Collection
683,S-683,Closing Ceremony Organization
684,S-684,Executive Event Coordination
685,S-685,VIP Event Management
686,S-686,Closing Ceremony Organization
687,S-687,Cultural Event Coordination
688,S-688,Conference Management Service
689,S-689,Product Launch Organization
690,S-690,Brand Activation Events
691,S-691,Event Security Management
692,S-692,Hybrid Event Management
693,S-693,Venue Selection & Booking
694,S-694,Annual General Meeting Management
695,S-695,Indoor Event Planning
696,S-696,Event Logistics Management
697,S-697,Product Demonstration Events
698,S-698,Startup Pitch Event Organization
699,S-699,No title
700,S-700,Event Crisis Management
701,S-701,Signage & Wayfinding Solutions
702,S-702,Charity Event Organization
703,S-703,Corporate Event Planning
704,S-704,Destination Event Management
705,S-705,No title
706,S-706,Catering Coordination Service
707,S-707,Event Promotion & Marketing
708,S-708,RSVP Management Service
709,S-709,No title
710,S-710,Tech Conference Management
711,S-711,Custom Event Concept Design
712,S-712,Event Performance Analysis
713,S-713,Festival Planning & Coordination
714,S-714,No title
715,S-715,Educational Event Planning
716,S-716,Full-Service Event Management
717,S-717,Brand Activation Events
718,S-718,Fundraising Event Planning
719,S-719,Opening Ceremony Management
720,S-720,VIP Guest Handling Service
721,S-721,Sustainable Event Management
722,S-722,Festival Planning & Coordination
723,S-723,No title
724,S-724,Guest Experience Optimization
725,S-725,Concert Event Management
726,S-726,Concert Event Management
727,S-727,Event Branding Services
728,S-728,Innovation Summit Planning
729,S-729,Supplier Coordination Service
730,S-730,Event Branding Services
731,S-731,No title
732,S-732,Event Feedback Collection
733,S-733,Event Promotion & Marketing
734,S-734,Trade Show Organization
735,S-735,Event Transportation Management
736,S-736,Annual General Meeting Management
737,S-737,Event Videography Services
738,S-738,Concert Event Management
739,S-739,Employee Engagement Events
740,S-740,No title
741,S-741,Audio & Visual Setup Service
742,S-742,Event Performance Analysis
743,S-743,Destination Event Management
744,S-744,On-Site Event Coordination
745,S-745,Closing Ceremony Organization
746,S-746,Hybrid Event Management
747,S-747,Team Building Event Planning
748,S-748,Guest Experience Optimization
749,S-749,Event Scheduling & Planning
750,S-750,Trade Show Organization
751,S-751,Team Building Event Planning
752,S-752,Fundraising Event Planning
753,S-753,On-Site Event Coordination
754,S-754,Corporate Gala Organization
755,S-755,No title
756,S-756,No title
757,S-757,Exhibition Management Service
758,S-758,Post-Event Reporting & Analysis
759,S-759,Sound System Management
760,S-760,Audio & Visual Setup Service
761,S-761,Event Decoration & Design
762,S-762,Trade Show Organization
763,S-763,Event Promotion & Marketing
764,S-764,Community Event Management
765,S-765,Event Insurance Coordination
766,S-766,Annual General Meeting Management
767,S-767,Roadshow Event Organization
768,S-768,Destination Event Management
769,S-769,No title
770,S-770,Concert Event Management
771,S-771,Destination Event Management
772,S-772,Networking Cocktail Events
773,S-773,Host & MC Coordination
774,S-774,Corporate Event Planning
775,S-775,Concert Event Management
776,S-776,No title
777,S-777,Innovation Summit Planning
778,S-778,No title
779,S-779,No title
780,S-780,Guest Registration Management
781,S-781,Private Party Planning
782,S-782,Full-Service Event Management
783,S-783,Product Demonstration Events
784,S-784,Full-Service Event Management
785,S-785,Event Feedback Collection
786,S-786,Destination Event Management
787,S-787,Event Security Management
788,S-788,Private Party Planning
789,S-789,Post-Event Reporting & Analysis
790,S-790,No title
791,S-791,Community Event Management
792,S-792,Educational Event Planning
793,S-793,Indoor Event Planning
794,S-794,On-Site Event Coordination
795,S-795,Luxury Wedding Planning
796,S-796,Charity Event Organization
797,S-797,Signage & Wayfinding Solutions
798,S-798,No title
799,S-799,Luxury Wedding Planning
800,S-800,Supplier Coordination Service
801,S-801,Trade Show Organization
802,S-802,Fundraising Event Planning
803,S-803,Event Branding Services
804,S-804,No title
805,S-805,Event Scheduling & Planning
806,S-806,Lighting Design Services
807,S-807,Indoor Event Planning
808,S-808,Sustainable Event Management
809,S-809,Lighting Design Services
810,S-810,On-Site Event Coordination
811,S-811,Indoor Event Planning
812,S-812,Sports Event Organization
813,S-813,Virtual Event Production
814,S-814,Event Security Management
815,S-815,Event Scheduling & Planning
816,S-816,After-Event Cleanup Coordination
817,S-817,No title
818,S-818,Award Ceremony Management
819,S-819,Risk Management for Events
820,S-820,Corporate Retreat Organization
821,S-821,Educational Event Planning
822,S-822,RSVP Management Service
823,S-823,VIP Event Management
824,S-824,Corporate Seminar Organization
825,S-825,Corporate Seminar Organization
826,S-826,No title
827,S-827,Startup Pitch Event Organization
828,S-828,Stage Design & Setup
829,S-829,Event Budget Management
830,S-830,Hybrid Event Management
831,S-831,Workshop Planning Service
832,S-832,Corporate Training Events
833,S-833,Corporate Event Planning
834,S-834,Luxury Wedding Planning
835,S-835,Event Logistics Management
836,S-836,Brand Activation Events
837,S-837,Signage & Wayfinding Solutions
838,S-838,After-Event Cleanup Coordination
839,S-839,After-Event Cleanup Coordination
840,S-840,Outdoor Event Management
841,S-841,Event Budget Management
842,S-842,Fundraising Event Planning
843,S-843,Closing Ceremony Organization
844,S-844,Destination Event Management
845,S-845,Networking Cocktail Events
846,S-846,No title
847,S-847,Event Crisis Management
848,S-848,Product Launch Organization
849,S-849,Exhibition Management Service
850,S-850,Event Decoration & Design
851,S-851,Brand Activation Events
852,S-852,Event Promotion & Marketing
853,S-853,Event Scheduling & Planning
854,S-854,Innovation Summit Planning
855,S-855,Networking Cocktail Events
856,S-856,No title
857,S-857,Community Event Management
858,S-858,Community Event Management
859,S-859,Corporate Retreat Organization
860,S-860,Executive Event Coordination
861,S-861,Host & MC Coordination
862,S-862,Event Ticketing Management
863,S-863,Event Performance Analysis
864,S-864,Audio & Visual Setup Service
865,S-865,No title
866,S-866,Sustainable Event Management
867,S-867,Festival Planning & Coordination
868,S-868,Hybrid Event Management
869,S-869,Community Event Management
870,S-870,No title
871,S-871,Executive Event Coordination
872,S-872,No title
873,S-873,No title
874,S-874,Guest Registration Management
875,S-875,Corporate Retreat Organization
876,S-876,Post-Event Reporting & Analysis
877,S-877,Press Conference Management
878,S-878,Event Scheduling & Planning
879,S-879,Event Scheduling & Planning
880,S-880,Guest Experience Optimization
881,S-881,No title
882,S-882,Luxury Event Planning
883,S-883,Innovation Summit Planning
884,S-884,Roadshow Event Organization
885,S-885,Wedding Coordination Service
886,S-886,RSVP Management Service
887,S-887,No title
888,S-888,Event Crisis Management
889,S-889,Guest Experience Optimization
890,S-890,Catering Coordination Service
891,S-891,Event Feedback Collection
892,S-892,Event Ticketing Management
893,S-893,No title
894,S-894,Event Security Management
895,S-895,After-Event Cleanup Coordination
896,S-896,Corporate Seminar Organization
897,S-897,Supplier Coordination Service
898,S-898,No title
899,S-899,Event Branding Services
900,S-900,Catering Coordination Service
901,S-901,No title
902,S-902,Exhibition Management Service
903,S-903,No title
904,S-904,Community Event Management
905,S-905,Sports Event Organization
906,S-906,VIP Guest Handling Service
907,S-907,Lighting Design Services
908,S-908,No title
909,S-909,Client Appreciation Events
910,S-910,Event Performance Analysis
911,S-911,VIP Event Management
912,S-912,Event Transportation Management
913,S-913,Event Promotion & Marketing
914,S-914,RSVP Management Service
915,S-915,Event Branding Services
916,S-916,Luxury Wedding Planning
917,S-917,Event Performance Analysis
918,S-918,Venue Selection & Booking
919,S-919,VIP Event Management
920,S-920,Outdoor Event Management
921,S-921,Catering Coordination Service
922,S-922,Luxury Event Planning
923,S-923,Opening Ceremony Management
924,S-924,Luxury Event Planning
925,S-925,Wedding Coordination Service
926,S-926,Outdoor Event Management
927,S-927,Corporate Seminar Organization
928,S-928,Startup Pitch Event Organization
929,S-929,Innovation Summit Planning
930,S-930,Innovation Summit Planning
931,S-931,Event Content Production
932,S-932,Risk Management for Events
933,S-933,Private Party Planning
934,S-934,Community Event Management
935,S-935,Indoor Event Planning
936,S-936,Risk Management for Events
937,S-937,Event Photography Services
938,S-938,Event Videography Services
939,S-939,No title
940,S-940,No title
941,S-941,Event Ticketing Management
942,S-942,Educational Event Planning
943,S-943,Event Photography Services
944,S-944,Product Launch Organization
945,S-945,Event Scheduling & Planning
946,S-946,Exhibition Management Service
947,S-947,Educational Event Planning
948,S-948,Signage & Wayfinding Solutions
949,S-949,Brand Activation Events
950,S-950,Full-Service Event Management
951,S-951,Fundraising Event Planning
952,S-952,Corporate Seminar Organization
953,S-953,Audio & Visual Setup Service
954,S-954,Indoor Event Planning
955,S-955,Product Launch Organization
956,S-956,Full-Service Event Management
957,S-957,Product Launch Organization
958,S-958,Custom Event Concept Design
959,S-959,Client Appreciation Events
960,S-960,No title
961,S-961,Startup Pitch Event Organization
962,S-962,Corporate Training Events
963,S-963,Opening Ceremony Management
964,S-964,Team Building Event Planning
965,S-965,Client Appreciation Events
966,S-966,On-Site Event Coordination
967,S-967,Press Conference Management
968,S-968,Festival Planning & Coordination
969,S-969,Risk Management for Events
970,S-970,Event Scheduling & Planning
971,S-971,Event Videography Services
972,S-972,Client Appreciation Events
973,S-973,Trade Show Organization
974,S-974,Host & MC Coordination
975,S-975,Event Performance Analysis
976,S-976,Press Conference Management
977,S-977,Sports Event Organization
978,S-978,Event Budget Management
979,S-979,No title
980,S-980,Workshop Planning Service
981,S-981,Fundraising Event Planning
982,S-982,No title
983,S-983,Event Branding Services
984,S-984,Outdoor Event Management
985,S-985,No title
986,S-986,Event Feedback Collection
987,S-987,No title
988,S-988,Audio & Visual Setup Service
989,S-989,Cultural Event Coordination
990,S-990,Product Demonstration Events
991,S-991,Sound System Management
992,S-992,Destination Event Management
993,S-993,No title
994,S-994,Client Appreciation Events
995,S-995,Green Event Planning
996,S-996,Roadshow Event Organization
997,S-997,Closing Ceremony Organization
998,S-998,Protocol & Hospitality Services
999,S-999,Full-Service Event Management
1000,S-1000,Event Insurance Coordination
1001,S-1001,Green Event Planning
1002,S-1002,Hybrid Event Management
1003,S-1003,Wedding Coordination Service
1004,S-1004,Exhibition Management Service
1005,S-1005,Event Logistics Management
1006,S-1006,Green Event Planning
1007,S-1007,Custom Event Concept Design
1008,S-1008,Corporate Networking Events
1009,S-1009,Hybrid Event Management
1010,S-1010,Sustainable Event Management
1011,S-1011,Event Performance Analysis
1012,S-1012,RSVP Management Service
1013,S-1013,After-Event Cleanup Coordination
1014,S-1014,Concert Event Management
1015,S-1015,Community Event Management
1016,S-1016,No title
1017,S-1017,Event Videography Services
1018,S-1018,Event Videography Services
1019,S-1019,Workshop Planning Service
1020,S-1020,No title
1021,S-1021,No title
1022,S-1022,Event Videography Services
1023,S-1023,Event Decoration & Design
1024,S-1024,No title
1025,S-1025,No title
1026,S-1026,Risk Management for Events
1027,S-1027,Event Videography Services
1028,S-1028,No title
1029,S-1029,Opening Ceremony Management
1030,S-1030,Guest Registration Management
1031,S-1031,No title
1032,S-1032,No title
1033,S-1033,No title
1034,S-1034,Full-Service Event Management
1035,S-1035,Exhibition Management Service
1036,S-1036,Catering Coordination Service
1037,S-1037,Luxury Wedding Planning
1038,S-1038,Event Branding Services
1039,S-1039,Event Insurance Coordination
1040,S-1040,No title
1041,S-1041,No title
1042,S-1042,No title
1043,S-1043,VIP Event Management
1044,S-1044,No title
1045,S-1045,Concert Event Management
1046,S-1046,Guest Registration Management
1047,S-1047,Stage Design & Setup
1048,S-1048,No title
1049,S-1049,Opening Ceremony Management
1050,S-1050,Team Building Event Planning
1051,S-1051,Opening Ceremony Management
1052,S-1052,Event Content Production
1053,S-1053,VIP Event Management
1054,S-1054,Corporate Event Planning
1055,S-1055,Sound System Management
1056,S-1056,Live Streaming Event Services
1057,S-1057,Conference Management Service
1058,S-1058,Risk Management for Events
1059,S-1059,No title
1060,S-1060,Catering Coordination Service
1061,S-1061,Green Event Planning
1062,S-1062,Tech Conference Management
1063,S-1063,Team Building Event Planning
1064,S-1064,Event Promotion & Marketing
1065,S-1065,Exhibition Management Service
1066,S-1066,Concert Event Management
1067,S-1067,Sustainable Event Management
1068,S-1068,Live Streaming Event Services
1069,S-1069,Trade Show Organization
1070,S-1070,Employee Engagement Events
1071,S-1071,No title
1072,S-1072,No title
1073,S-1073,Community Event Management
1074,S-1074,Community Event Management
1075,S-1075,Corporate Event Planning
1076,S-1076,No title
1077,S-1077,Hybrid Event Management
1078,S-1078,Annual General Meeting Management
1079,S-1079,Event Decoration & Design
1080,S-1080,Full-Service Event Management
1081,S-1081,Trade Show Organization
1082,S-1082,No title
1083,S-1083,Employee Engagement Events
1084,S-1084,Event Promotion & Marketing
1085,S-1085,Stage Design & Setup
1086,S-1086,Sustainable Event Management
1087,S-1087,No title
1088,S-1088,Innovation Summit Planning
1089,S-1089,Corporate Networking Events
1090,S-1090,Event Videography Services
1091,S-1091,Corporate Training Events
1092,S-1092,On-Site Event Coordination
1093,S-1093,Event Transportation Management
1094,S-1094,Award Ceremony Management
1095,S-1095,Product Launch Organization
1096,S-1096,Corporate Seminar Organization
1097,S-1097,Protocol & Hospitality Services
1098,S-1098,No title
1099,S-1099,Event Promotion & Marketing
1100,S-1100,Charity Event Organization
1101,S-1101,No title
1102,S-1102,Audio & Visual Setup Service
1103,S-1103,Corporate Gala Organization
1104,S-1104,VIP Event Management
1105,S-1105,No title
1106,S-1106,Corporate Training Events
1107,S-1107,Post-Event Reporting & Analysis
1108,S-1108,Press Conference Management
1109,S-1109,Brand Activation Events
1110,S-1110,Hybrid Event Management
1111,S-1111,Team Building Event Planning
1112,S-1112,RSVP Management Service
1113,S-1113,No title
1114,S-1114,Sports Event Organization
1115,S-1115,Fundraising Event Planning
1116,S-1116,Supplier Coordination Service
1117,S-1117,Tech Conference Management
1118,S-1118,Award Ceremony Management
1119,S-1119,Post-Event Reporting & Analysis
1120,S-1120,No title
1121,S-1121,Conference Management Service
1122,S-1122,No title
1123,S-1123,Workshop Planning Service
1124,S-1124,No title
1125,S-1125,Team Building Event Planning
1126,S-1126,No title
1127,S-1127,Sound System Management
1128,S-1128,Innovation Summit Planning
1129,S-1129,VIP Guest Handling Service
1130,S-1130,No title
1131,S-1131,VIP Guest Handling Service
1132,S-1132,Corporate Networking Events
1133,S-1133,Event Branding Services
1134,S-1134,No title
1135,S-1135,No title
1136,S-1136,Host & MC Coordination
1137,S-1137,Full-Service Event Management
1138,S-1138,Event Content Production
1139,S-1139,Team Building Event Planning
1140,S-1140,Corporate Seminar Organization
1141,S-1141,Private Party Planning
1142,S-1142,Guest Registration Management
1143,S-1143,Award Ceremony Management
1144,S-1144,Protocol & Hospitality Services
1145,S-1145,No title
1146,S-1146,Executive Event Coordination
1147,S-1147,Full-Service Event Management
1148,S-1148,Product Launch Organization
1149,S-1149,Executive Event Coordination
1150,S-1150,Corporate Retreat Organization
1151,S-1151,Supplier Coordination Service
1152,S-1152,Virtual Event Production
1153,S-1153,Event Decoration & Design
1154,S-1154,Event Crisis Management
1155,S-1155,Client Appreciation Events
1156,S-1156,Award Ceremony Management
1157,S-1157,No title
1158,S-1158,Charity Event Organization
1159,S-1159,Event Staffing Management
1160,S-1160,Event Branding Services
1161,S-1161,Concert Event Management
1162,S-1162,Sustainable Event Management
1163,S-1163,Sound System Management
1164,S-1164,Community Event Management
1165,S-1165,VIP Guest Handling Service
1166,S-1166,No title
1167,S-1167,Event Staffing Management
1168,S-1168,Protocol & Hospitality Services
1169,S-1169,Event Decoration & Design
1170,S-1170,Workshop Planning Service
1171,S-1171,Closing Ceremony Organization
1172,S-1172,Concert Event Management
1173,S-1173,Workshop Planning Service
1174,S-1174,Cultural Event Coordination
1175,S-1175,Live Streaming Event Services
1176,S-1176,Client Appreciation Events
1177,S-1177,Custom Event Concept Design
1178,S-1178,Corporate Retreat Organization
1179,S-1179,Startup Pitch Event Organization
1180,S-1180,Catering Coordination Service
1181,S-1181,Event Logistics Management
1182,S-1182,Corporate Retreat Organization
1183,S-1183,Event Photography Services
1184,S-1184,Event Photography Services
1185,S-1185,Sound System Management
1186,S-1186,Custom Event Concept Design
1187,S-1187,Product Demonstration Events
1188,S-1188,No title
1189,S-1189,RSVP Management Service
1190,S-1190,Sports Event Organization
1191,S-1191,No title
1192,S-1192,Team Building Event Planning
1193,S-1193,Concert Event Management
1194,S-1194,Festival Planning & Coordination
1195,S-1195,Lighting Design Services
1196,S-1196,Event Photography Services
1197,S-1197,Guest Registration Management
1198,S-1198,Tech Conference Management
1199,S-1199,VIP Guest Handling Service
1200,S-1200,Wedding Coordination Service
1201,S-1201,Full-Service Event Management
1202,S-1202,Client Appreciation Events
1203,S-1203,No title
1204,S-1204,Closing Ceremony Organization
1205,S-1205,Charity Event Organization
1206,S-1206,Guest Experience Optimization
1207,S-1207,Hybrid Event Management
1208,S-1208,Event Promotion & Marketing
1209,S-1209,Hybrid Event Management
1210,S-1210,Event Photography Services
1211,S-1211,No title
1212,S-1212,No title
1213,S-1213,Virtual Event Production
1214,S-1214,Event Photography Services
1215,S-1215,Workshop Planning Service
1216,S-1216,Trade Show Organization
1217,S-1217,Event Videography Services
1218,S-1218,Corporate Seminar Organization
1219,S-1219,Destination Event Management
1220,S-1220,Sustainable Event Management
1221,S-1221,Innovation Summit Planning
1222,S-1222,Event Photography Services
1223,S-1223,Venue Selection & Booking
1224,S-1224,Event Logistics Management
1225,S-1225,No title
1226,S-1226,Event Compliance & Permits
1227,S-1227,Tech Conference Management
1228,S-1228,Corporate Gala Organization
1229,S-1229,Charity Event Organization
1230,S-1230,Stage Design & Setup
1231,S-1231,Event Performance Analysis
1232,S-1232,Corporate Training Events
1233,S-1233,Corporate Training Events
1234,S-1234,Guest Experience Optimization
1235,S-1235,Venue Selection & Booking
1236,S-1236,Corporate Networking Events
1237,S-1237,Event Content Production
1238,S-1238,No title
1239,S-1239,VIP Event Management
1240,S-1240,Post-Event Reporting & Analysis
1241,S-1241,Indoor Event Planning
1242,S-1242,Event Branding Services
1243,S-1243,Brand Activation Events
1244,S-1244,No title
1245,S-1245,Destination Event Management
1246,S-1246,Guest Experience Optimization
1247,S-1247,No title
1248,S-1248,VIP Guest Handling Service
1249,S-1249,Host & MC Coordination
1250,S-1250,Sustainable Event Management
1251,S-1251,After-Event Cleanup Coordination
1252,S-1252,Corporate Networking Events
1253,S-1253,No title
1254,S-1254,Opening Ceremony Management
1255,S-1255,Corporate Training Events
1256,S-1256,Annual General Meeting Management
1257,S-1257,Roadshow Event Organization
1258,S-1258,Opening Ceremony Management
1259,S-1259,Sustainable Event Management
1260,S-1260,Live Streaming Event Services
1261,S-1261,Indoor Event Planning
1262,S-1262,Employee Engagement Events
1263,S-1263,Event Scheduling & Planning
1264,S-1264,Startup Pitch Event Organization
1265,S-1265,Outdoor Event Management
1266,S-1266,Conference Management Service
1267,S-1267,Event Staffing Management
1268,S-1268,Fundraising Event Planning
1269,S-1269,Event Branding Services
1270,S-1270,Press Conference Management
1271,S-1271,No title
1272,S-1272,Networking Cocktail Events
1273,S-1273,Private Party Planning
1274,S-1274,Annual General Meeting Management
1275,S-1275,VIP Event Management
1276,S-1276,Educational Event Planning
1277,S-1277,Destination Event Management
1278,S-1278,RSVP Management Service
1279,S-1279,No title
1280,S-1280,Networking Cocktail Events
1281,S-1281,Opening Ceremony Management
1282,S-1282,No title
1283,S-1283,No title
1284,S-1284,No title
1285,S-1285,Event Videography Services
1286,S-1286,Opening Ceremony Management
1287,S-1287,No title
1288,S-1288,No title
1289,S-1289,On-Site Event Coordination
1290,S-1290,Employee Engagement Events
1291,S-1291,Conference Management Service
1292,S-1292,Educational Event Planning
1293,S-1293,Corporate Gala Organization
1294,S-1294,Event Budget Management
1295,S-1295,Client Appreciation Events
1296,S-1296,Event Logistics Management
1297,S-1297,Corporate Seminar Organization
1298,S-1298,Lighting Design Services
1299,S-1299,Educational Event Planning
1300,S-1300,Concert Event Management
1301,S-1301,Event Compliance & Permits
1302,S-1302,Corporate Retreat Organization
1303,S-1303,After-Event Cleanup Coordination
1304,S-1304,Event Decoration & Design
1305,S-1305,Destination Event Management
1306,S-1306,Closing Ceremony Organization
1307,S-1307,Event Transportation Management
1308,S-1308,Corporate Training Events
1309,S-1309,Post-Event Reporting & Analysis
1310,S-1310,No title
1311,S-1311,Private Party Planning
1312,S-1312,Indoor Event Planning
1313,S-1313,Corporate Training Events
1314,S-1314,Team Building Event Planning
1315,S-1315,No title
1316,S-1316,Destination Event Management
1317,S-1317,Brand Activation Events
1318,S-1318,Event Security Management
1319,S-1319,Fundraising Event Planning
1320,S-1320,Live Streaming Event Services
1321,S-1321,Employee Engagement Events
1322,S-1322,Corporate Training Events
1323,S-1323,Full-Service Event Management
1324,S-1324,Protocol & Hospitality Services
1325,S-1325,Fundraising Event Planning
1326,S-1326,Event Decoration & Design
1327,S-1327,Hybrid Event Management
1328,S-1328,Event Transportation Management
1329,S-1329,Event Branding Services
1330,S-1330,Virtual Event Production
1331,S-1331,Workshop Planning Service
1332,S-1332,Venue Selection & Booking
1333,S-1333,Cultural Event Coordination
1334,S-1334,No title
1335,S-1335,Event Crisis Management
1336,S-1336,Event Compliance & Permits
1337,S-1337,Product Demonstration Events
1338,S-1338,Event Content Production
1339,S-1339,Green Event Planning
1340,S-1340,Innovation Summit Planning
1341,S-1341,Sports Event Organization
1342,S-1342,Sports Event Organization
1343,S-1343,On-Site Event Coordination
1344,S-1344,Conference Management Service
1345,S-1345,No title
1346,S-1346,Private Party Planning
1347,S-1347,Startup Pitch Event Organization
1348,S-1348,Event Insurance Coordination
1349,S-1349,No title
1350,S-1350,Event Videography Services
1351,S-1351,Indoor Event Planning
1352,S-1352,Innovation Summit Planning
1353,S-1353,Hybrid Event Management
1354,S-1354,Festival Planning & Coordination
1355,S-1355,Press Conference Management
1356,S-1356,Employee Engagement Events
1357,S-1357,Audio & Visual Setup Service
1358,S-1358,Signage & Wayfinding Solutions
1359,S-1359,Concert Event Management
1360,S-1360,Opening Ceremony Management
1361,S-1361,Startup Pitch Event Organization
1362,S-1362,No title
1363,S-1363,VIP Guest Handling Service
1364,S-1364,No title
1365,S-1365,Sports Event Organization
1366,S-1366,Event Security Management
1367,S-1367,Cultural Event Coordination
1368,S-1368,Tech Conference Management
1369,S-1369,No title
1370,S-1370,Live Streaming Event Services
1371,S-1371,Virtual Event Production
1372,S-1372,Event Photography Services
1373,S-1373,Innovation Summit Planning
1374,S-1374,Event Promotion & Marketing
1375,S-1375,Cultural Event Coordination
1376,S-1376,Indoor Event Planning
1377,S-1377,Host & MC Coordination
1378,S-1378,Event Content Production
1379,S-1379,No title
1380,S-1380,Festival Planning & Coordination
1381,S-1381,No title
1382,S-1382,Protocol & Hospitality Services
1383,S-1383,Event Logistics Management
1384,S-1384,No title
1385,S-1385,Annual General Meeting Management
1386,S-1386,Event Promotion & Marketing
1387,S-1387,No title
1388,S-1388,Tech Conference Management
1389,S-1389,Guest Registration Management
1390,S-1390,Catering Coordination Service
1391,S-1391,Event Photography Services
1392,S-1392,Event Performance Analysis
1393,S-1393,Event Security Management
1394,S-1394,Brand Activation Events
1395,S-1395,Networking Cocktail Events
1396,S-1396,Event Security Management
1397,S-1397,RSVP Management Service
1398,S-1398,Corporate Event Planning
1399,S-1399,Audio & Visual Setup Service
1400,S-1400,Innovation Summit Planning
1401,S-1401,No title
1402,S-1402,Luxury Wedding Planning
1403,S-1403,No title
1404,S-1404,Corporate Training Events
1405,S-1405,No title
1406,S-1406,RSVP Management Service
1407,S-1407,RSVP Management Service
1408,S-1408,Conference Management Service
1409,S-1409,Catering Coordination Service
1410,S-1410,Private Party Planning
1411,S-1411,Wedding Coordination Service
1412,S-1412,Luxury Event Planning
1413,S-1413,No title
1414,S-1414,Post-Event Reporting & Analysis
1415,S-1415,No title
1416,S-1416,Full-Service Event Management
1417,S-1417,Custom Event Concept Design
1418,S-1418,Destination Event Management
1419,S-1419,Product Demonstration Events
1420,S-1420,Event Security Management
1421,S-1421,Closing Ceremony Organization
1422,S-1422,Sustainable Event Management
1423,S-1423,Employee Engagement Events
1424,S-1424,Corporate Event Planning
1425,S-1425,Virtual Event Production
1426,S-1426,On-Site Event Coordination
1427,S-1427,Guest Experience Optimization
1428,S-1428,Indoor Event Planning
1429,S-1429,After-Event Cleanup Coordination
1430,S-1430,Luxury Wedding Planning
1431,S-1431,Live Streaming Event Services
1432,S-1432,No title
1433,S-1433,Live Streaming Event Services
1434,S-1434,Concert Event Management
1435,S-1435,Live Streaming Event Services
1436,S-1436,Roadshow Event Organization
1437,S-1437,Trade Show Organization
1438,S-1438,Destination Event Management
1439,S-1439,Risk Management for Events
1440,S-1440,Hybrid Event Management
1441,S-1441,Event Performance Analysis
1442,S-1442,Corporate Seminar Organization
1443,S-1443,Risk Management for Events
1444,S-1444,Protocol & Hospitality Services
1445,S-1445,Exhibition Management Service
1446,S-1446,Event Feedback Collection
1447,S-1447,Trade Show Organization
1448,S-1448,Destination Event Management
1449,S-1449,VIP Guest Handling Service
1450,S-1450,Festival Planning & Coordination
1451,S-1451,Stage Design & Setup
1452,S-1452,Event Branding Services
1453,S-1453,No title
1454,S-1454,Sports Event Organization
1455,S-1455,Trade Show Organization
1456,S-1456,Community Event Management
1457,S-1457,Custom Event Concept Design
1458,S-1458,Custom Event Concept Design
1459,S-1459,Annual General Meeting Management
1460,S-1460,Fundraising Event Planning
1461,S-1461,Event Scheduling & Planning
1462,S-1462,Event Crisis Management
1463,S-1463,Event Budget Management
1464,S-1464,Networking Cocktail Events
1465,S-1465,Festival Planning & Coordination
1466,S-1466,Corporate Event Planning
1467,S-1467,Press Conference Management
1468,S-1468,Custom Event Concept Design
1469,S-1469,Corporate Seminar Organization
1470,S-1470,Signage & Wayfinding Solutions
1471,S-1471,Exhibition Management Service
1472,S-1472,Supplier Coordination Service
1473,S-1473,No title
1474,S-1474,VIP Guest Handling Service
1475,S-1475,No title
1476,S-1476,Charity Event Organization
1477,S-1477,Event Compliance & Permits
1478,S-1478,No title
1479,S-1479,Luxury Wedding Planning
1480,S-1480,Audio & Visual Setup Service
1481,S-1481,Venue Selection & Booking
1482,S-1482,Client Appreciation Events
1483,S-1483,Product Demonstration Events
1484,S-1484,Outdoor Event Management
1485,S-1485,Closing Ceremony Organization
1486,S-1486,Community Event Management
1487,S-1487,Product Launch Organization
1488,S-1488,Corporate Retreat Organization
1489,S-1489,Event Scheduling & Planning
1490,S-1490,Event Feedback Collection
1491,S-1491,Award Ceremony Management
1492,S-1492,Workshop Planning Service
1493,S-1493,Outdoor Event Management
1494,S-1494,Event Staffing Management
1495,S-1495,Corporate Event Planning
1496,S-1496,No title
1497,S-1497,Hybrid Event Management
1498,S-1498,Catering Coordination Service
1499,S-1499,Stage Design & Setup
1500,S-1500,Sound System Management
1501,S-1501,Event Ticketing Management
1502,S-1502,Press Conference Management
1503,S-1503,Cultural Event Coordination
1504,S-1504,No title
1505,S-1505,Audio & Visual Setup Service
1506,S-1506,Sustainable Event Management
1507,S-1507,Post-Event Reporting & Analysis
1508,S-1508,Guest Registration Management
1509,S-1509,Trade Show Organization
1510,S-1510,Annual General Meeting Management
1511,S-1511,Event Content Production
1512,S-1512,Sound System Management
1513,S-1513,Fundraising Event Planning
1514,S-1514,Protocol & Hospitality Services
1515,S-1515,Corporate Event Planning
1516,S-1516,Corporate Seminar Organization
1517,S-1517,Protocol & Hospitality Services
1518,S-1518,After-Event Cleanup Coordination
1519,S-1519,Event Security Management
1520,S-1520,Event Decoration & Design
1521,S-1521,VIP Event Management
1522,S-1522,Workshop Planning Service
1523,S-1523,Charity Event Organization
1524,S-1524,Event Insurance Coordination
1525,S-1525,Annual General Meeting Management
1526,S-1526,On-Site Event Coordination
1527,S-1527,Corporate Training Events
1528,S-1528,Networking Cocktail Events
1529,S-1529,Event Photography Services
1530,S-1530,Corporate Event Planning
1531,S-1531,Lighting Design Services
1532,S-1532,No title
1533,S-1533,Event Insurance Coordination
1534,S-1534,Event Branding Services
1535,S-1535,Green Event Planning
1536,S-1536,No title
1537,S-1537,Executive Event Coordination
1538,S-1538,Event Ticketing Management
1539,S-1539,Trade Show Organization
1540,S-1540,No title
1541,S-1541,Brand Activation Events
1542,S-1542,Community Event Management
1543,S-1543,Sports Event Organization
1544,S-1544,Hybrid Event Management
1545,S-1545,Concert Event Management
1546,S-1546,Product Launch Organization
1547,S-1547,Risk Management for Events
1548,S-1548,Team Building Event Planning
1549,S-1549,Sustainable Event Management
1550,S-1550,Event Branding Services
1551,S-1551,Wedding Coordination Service
1552,S-1552,Corporate Training Events
1553,S-1553,Press Conference Management
1554,S-1554,No title
1555,S-1555,Guest Registration Management
1556,S-1556,Event Security Management
1557,S-1557,Catering Coordination Service
1558,S-1558,Live Streaming Event Services
1559,S-1559,No title
1560,S-1560,No title
1561,S-1561,Signage & Wayfinding Solutions
1562,S-1562,Signage & Wayfinding Solutions
1563,S-1563,No title
1564,S-1564,Brand Activation Events
1565,S-1565,VIP Guest Handling Service
1566,S-1566,RSVP Management Service
1567,S-1567,Virtual Event Production
1568,S-1568,Opening Ceremony Management
1569,S-1569,Startup Pitch Event Organization
1570,S-1570,No title
1571,S-1571,Event Decoration & Design
1572,S-1572,No title
1573,S-1573,Opening Ceremony Management
1574,S-1574,Event Feedback Collection
1575,S-1575,Custom Event Concept Design
1576,S-1576,Signage & Wayfinding Solutions
1577,S-1577,Event Content Production
1578,S-1578,VIP Guest Handling Service
1579,S-1579,Event Promotion & Marketing
1580,S-1580,Cultural Event Coordination
1581,S-1581,Event Staffing Management
1582,S-1582,Stage Design & Setup
1583,S-1583,Signage & Wayfinding Solutions
1584,S-1584,Charity Event Organization
1585,S-1585,Concert Event Management
1586,S-1586,Networking Cocktail Events
1587,S-1587,Audio & Visual Setup Service
1588,S-1588,Opening Ceremony Management
1589,S-1589,Cultural Event Coordination
1590,S-1590,Event Ticketing Management
1591,S-1591,Event Ticketing Management
1592,S-1592,Event Performance Analysis
1593,S-1593,Corporate Training Events
1594,S-1594,Festival Planning & Coordination
1595,S-1595,Event Videography Services
1596,S-1596,Exhibition Management Service
1597,S-1597,Executive Event Coordination
1598,S-1598,No title
1599,S-1599,Product Demonstration Events
1600,S-1600,Brand Activation Events
1601,S-1601,No title
1602,S-1602,Luxury Event Planning
1603,S-1603,Trade Show Organization
1604,S-1604,Virtual Event Production
1605,S-1605,Closing Ceremony Organization
1606,S-1606,Trade Show Organization
1607,S-1607,Corporate Seminar Organization
1608,S-1608,Concert Event Management
1609,S-1609,Client Appreciation Events
1610,S-1610,Luxury Event Planning
1611,S-1611,Event Decoration & Design
1612,S-1612,Event Compliance & Permits
1613,S-1613,Charity Event Organization
1614,S-1614,Supplier Coordination Service
1615,S-1615,Signage & Wayfinding Solutions
1616,S-1616,Guest Registration Management
1617,S-1617,Networking Cocktail Events
1618,S-1618,Employee Engagement Events
1619,S-1619,Signage & Wayfinding Solutions
1620,S-1620,Product Demonstration Events
1621,S-1621,Educational Event Planning
1622,S-1622,No title
1623,S-1623,Event Videography Services
1624,S-1624,No title
1625,S-1625,Event Scheduling & Planning
1626,S-1626,Networking Cocktail Events
1627,S-1627,Event Insurance Coordination
1628,S-1628,Team Building Event Planning
1629,S-1629,Outdoor Event Management
1630,S-1630,Community Event Management
1631,S-1631,No title
1632,S-1632,No title
1633,S-1633,Conference Management Service
1634,S-1634,Hybrid Event Management
1635,S-1635,No title
1636,S-1636,Corporate Event Planning
1637,S-1637,Client Appreciation Events
1638,S-1638,Event Scheduling & Planning
1639,S-1639,Signage & Wayfinding Solutions
1640,S-1640,Event Logistics Management
1641,S-1641,No title
1642,S-1642,Custom Event Concept Design
1643,S-1643,Team Building Event Planning
1644,S-1644,Post-Event Reporting & Analysis
1645,S-1645,Event Promotion & Marketing
1646,S-1646,Event Security Management
1647,S-1647,Event Photography Services
1648,S-1648,Charity Event Organization
1649,S-1649,No title
1650,S-1650,Event Scheduling & Planning
1651,S-1651,Guest Experience Optimization
1652,S-1652,Closing Ceremony Organization
1653,S-1653,Roadshow Event Organization
1654,S-1654,Event Logistics Management
1655,S-1655,Event Security Management
1656,S-1656,Product Launch Organization
1657,S-1657,Event Logistics Management
1658,S-1658,Educational Event Planning
1659,S-1659,Annual General Meeting Management
1660,S-1660,After-Event Cleanup Coordination
1661,S-1661,Event Performance Analysis
1662,S-1662,Corporate Training Events
1663,S-1663,Supplier Coordination Service
1664,S-1664,Event Promotion & Marketing
1665,S-1665,No title
1666,S-1666,Sports Event Organization
1667,S-1667,No title
1668,S-1668,Event Logistics Management
1669,S-1669,No title
1670,S-1670,Community Event Management
1671,S-1671,Luxury Event Planning
1672,S-1672,VIP Guest Handling Service
1673,S-1673,Educational Event Planning
1674,S-1674,Event Promotion & Marketing
1675,S-1675,Community Event Management
1676,S-1676,No title
1677,S-1677,No title
1678,S-1678,Roadshow Event Organization
1679,S-1679,Destination Event Management
1680,S-1680,No title
1681,S-1681,Audio & Visual Setup Service
1682,S-1682,Indoor Event Planning
1683,S-1683,Event Ticketing Management
1684,S-1684,Event Branding Services
1685,S-1685,Event Compliance & Permits
1686,S-1686,Event Crisis Management
1687,S-1687,Innovation Summit Planning
1688,S-1688,Award Ceremony Management
1689,S-1689,Signage & Wayfinding Solutions
1690,S-1690,Concert Event Management
1691,S-1691,Event Insurance Coordination
1692,S-1692,Concert Event Management
1693,S-1693,Luxury Event Planning
1694,S-1694,Workshop Planning Service
1695,S-1695,No title
1696,S-1696,Luxury Wedding Planning
1697,S-1697,Protocol & Hospitality Services
1698,S-1698,Stage Design & Setup
1699,S-1699,Sound System Management
1700,S-1700,No title
1701,S-1701,Event Logistics Management
1702,S-1702,Event Videography Services
1703,S-1703,Corporate Event Planning
1704,S-1704,Venue Selection & Booking
1705,S-1705,Custom Event Concept Design
1706,S-1706,Event Transportation Management
1707,S-1707,Wedding Coordination Service
1708,S-1708,Venue Selection & Booking
1709,S-1709,Sports Event Organization
1710,S-1710,Outdoor Event Management
1711,S-1711,No title
1712,S-1712,Event Branding Services
1713,S-1713,No title
1714,S-1714,Sports Event Organization
1715,S-1715,No title
1716,S-1716,Full-Service Event Management
1717,S-1717,Wedding Coordination Service
1718,S-1718,Event Promotion & Marketing
1719,S-1719,No title
1720,S-1720,Custom Event Concept Design
1721,S-1721,No title
1722,S-1722,Startup Pitch Event Organization
1723,S-1723,Networking Cocktail Events
1724,S-1724,Event Branding Services
1725,S-1725,Event Decoration & Design
1726,S-1726,No title
1727,S-1727,Workshop Planning Service
1728,S-1728,On-Site Event Coordination
1729,S-1729,VIP Event Management
1730,S-1730,Live Streaming Event Services
1731,S-1731,Community Event Management
1732,S-1732,Destination Event Management
1733,S-1733,Event Logistics Management
1734,S-1734,Post-Event Reporting & Analysis
1735,S-1735,Festival Planning & Coordination
1736,S-1736,Event Performance Analysis
1737,S-1737,VIP Guest Handling Service
1738,S-1738,Event Videography Services
1739,S-1739,Product Demonstration Events
1740,S-1740,After-Event Cleanup Coordination
1741,S-1741,Brand Activation Events
1742,S-1742,No title
1743,S-1743,Client Appreciation Events
1744,S-1744,Lighting Design Services
1745,S-1745,Roadshow Event Organization
1746,S-1746,Opening Ceremony Management
1747,S-1747,On-Site Event Coordination
1748,S-1748,Event Crisis Management
1749,S-1749,Hybrid Event Management
1750,S-1750,Event Transportation Management
1751,S-1751,Luxury Event Planning
1752,S-1752,No title
1753,S-1753,No title
1754,S-1754,Supplier Coordination Service
1755,S-1755,Product Launch Organization
1756,S-1756,After-Event Cleanup Coordination
1757,S-1757,Team Building Event Planning
1758,S-1758,No title
1759,S-1759,No title
1760,S-1760,VIP Guest Handling Service
1761,S-1761,Protocol & Hospitality Services
1762,S-1762,Destination Event Management
1763,S-1763,Event Transportation Management
1764,S-1764,Event Ticketing Management
1765,S-1765,Corporate Training Events
1766,S-1766,Charity Event Organization
1767,S-1767,Client Appreciation Events
1768,S-1768,No title
1769,S-1769,Lighting Design Services
1770,S-1770,No title
1771,S-1771,Workshop Planning Service
1772,S-1772,Product Demonstration Events
1773,S-1773,Corporate Event Planning
1774,S-1774,Employee Engagement Events
1775,S-1775,Annual General Meeting Management
1776,S-1776,No title
1777,S-1777,Indoor Event Planning
1778,S-1778,Event Scheduling & Planning
1779,S-1779,Product Launch Organization
1780,S-1780,Concert Event Management
1781,S-1781,Post-Event Reporting & Analysis
1782,S-1782,Brand Activation Events
1783,S-1783,Startup Pitch Event Organization
1784,S-1784,Supplier Coordination Service
1785,S-1785,Cultural Event Coordination
1786,S-1786,Virtual Event Production
1787,S-1787,Corporate Networking Events
1788,S-1788,No title
1789,S-1789,Sports Event Organization
1790,S-1790,Post-Event Reporting & Analysis
1791,S-1791,No title
1792,S-1792,Event Ticketing Management
1793,S-1793,VIP Guest Handling Service
1794,S-1794,No title
1795,S-1795,Sustainable Event Management
1796,S-1796,Festival Planning & Coordination
1797,S-1797,No title
1798,S-1798,Catering Coordination Service
1799,S-1799,Executive Event Coordination
1800,S-1800,No title
1801,S-1801,Networking Cocktail Events
1802,S-1802,Startup Pitch Event Organization
1803,S-1803,Event Logistics Management
1804,S-1804,Networking Cocktail Events
1805,S-1805,Signage & Wayfinding Solutions
1806,S-1806,Corporate Training Events
1807,S-1807,Event Photography Services
1808,S-1808,Roadshow Event Organization
1809,S-1809,No title
1810,S-1810,Trade Show Organization
1811,S-1811,Trade Show Organization
1812,S-1812,Event Photography Services
1813,S-1813,Outdoor Event Management
1814,S-1814,Closing Ceremony Organization
1815,S-1815,Event Videography Services
1816,S-1816,No title
1817,S-1817,Green Event Planning
1818,S-1818,Event Compliance & Permits
1819,S-1819,No title
1820,S-1820,Event Decoration & Design
1821,S-1821,Product Demonstration Events
1822,S-1822,Luxury Wedding Planning
1823,S-1823,Virtual Event Production
1824,S-1824,Closing Ceremony Organization
1825,S-1825,Host & MC Coordination
1826,S-1826,Client Appreciation Events
1827,S-1827,Innovation Summit Planning
1828,S-1828,No title
1829,S-1829,Award Ceremony Management
1830,S-1830,No title
1831,S-1831,Indoor Event Planning
1832,S-1832,Event Compliance & Permits
1833,S-1833,Virtual Event Production
1834,S-1834,Cultural Event Coordination
1835,S-1835,Tech Conference Management
1836,S-1836,Product Launch Organization
1837,S-1837,No title
1838,S-1838,Event Staffing Management
1839,S-1839,Guest Registration Management
1840,S-1840,Annual General Meeting Management
1841,S-1841,Team Building Event Planning
1842,S-1842,Supplier Coordination Service
1843,S-1843,Product Launch Organization
1844,S-1844,No title
1845,S-1845,Host & MC Coordination
1846,S-1846,Charity Event Organization
1847,S-1847,No title
1848,S-1848,No title
1849,S-1849,Luxury Wedding Planning
1850,S-1850,Closing Ceremony Organization
1851,S-1851,Private Party Planning
1852,S-1852,Supplier Coordination Service
1853,S-1853,Event Content Production
1854,S-1854,Catering Coordination Service
1855,S-1855,No title
1856,S-1856,Corporate Training Events
1857,S-1857,Client Appreciation Events
1858,S-1858,Client Appreciation Events
1859,S-1859,Corporate Event Planning
1860,S-1860,Event Scheduling & Planning
1861,S-1861,Corporate Retreat Organization
1862,S-1862,Event Staffing Management
1863,S-1863,Event Videography Services
1864,S-1864,Event Videography Services
1865,S-1865,Luxury Event Planning
1866,S-1866,Event Branding Services
1867,S-1867,Venue Selection & Booking
1868,S-1868,Corporate Training Events
1869,S-1869,No title
1870,S-1870,Event Videography Services
1871,S-1871,Event Compliance & Permits
1872,S-1872,Sustainable Event Management
1873,S-1873,Audio & Visual Setup Service
1874,S-1874,Roadshow Event Organization
1875,S-1875,Wedding Coordination Service
1876,S-1876,Event Budget Management
1877,S-1877,Event Feedback Collection
1878,S-1878,After-Event Cleanup Coordination
1879,S-1879,Guest Experience Optimization
1880,S-1880,No title
1881,S-1881,Festival Planning & Coordination
1882,S-1882,VIP Event Management
1883,S-1883,No title
1884,S-1884,Corporate Seminar Organization
1885,S-1885,Brand Activation Events
1886,S-1886,Roadshow Event Organization
1887,S-1887,Educational Event Planning
1888,S-1888,Event Promotion & Marketing
1889,S-1889,Wedding Coordination Service
1890,S-1890,Tech Conference Management
1891,S-1891,Private Party Planning
1892,S-1892,Innovation Summit Planning
1893,S-1893,Protocol & Hospitality Services
1894,S-1894,No title
1895,S-1895,Event Branding Services
1896,S-1896,VIP Event Management
1897,S-1897,Audio & Visual Setup Service
1898,S-1898,Event Security Management
1899,S-1899,No title
1900,S-1900,Venue Selection & Booking
1901,S-1901,Host & MC Coordination
1902,S-1902,Startup Pitch Event Organization
1903,S-1903,Green Event Planning
1904,S-1904,Event Insurance Coordination
1905,S-1905,Roadshow Event Organization
1906,S-1906,No title
1907,S-1907,Event Branding Services
1908,S-1908,Guest Registration Management
1909,S-1909,Corporate Retreat Organization
1910,S-1910,Event Scheduling & Planning
1911,S-1911,Award Ceremony Management
1912,S-1912,Event Content Production
1913,S-1913,Event Security Management
1914,S-1914,Luxury Event Planning
1915,S-1915,Event Content Production
1916,S-1916,Corporate Seminar Organization
1917,S-1917,Employee Engagement Events
1918,S-1918,No title
1919,S-1919,Event Content Production
1920,S-1920,Green Event Planning
1921,S-1921,Product Demonstration Events
1922,S-1922,No title
1923,S-1923,Protocol & Hospitality Services
1924,S-1924,Virtual Event Production
1925,S-1925,Event Ticketing Management
1926,S-1926,Event Logistics Management
1927,S-1927,Event Performance Analysis
1928,S-1928,Corporate Networking Events
1929,S-1929,Corporate Seminar Organization
1930,S-1930,Client Appreciation Events
1931,S-1931,After-Event Cleanup Coordination
1932,S-1932,Signage & Wayfinding Solutions
1933,S-1933,Corporate Event Planning
1934,S-1934,Opening Ceremony Management
1935,S-1935,Press Conference Management
1936,S-1936,No title
1937,S-1937,Event Logistics Management
1938,S-1938,Executive Event Coordination
1939,S-1939,Annual General Meeting Management
1940,S-1940,Audio & Visual Setup Service
1941,S-1941,Trade Show Organization
1942,S-1942,Annual General Meeting Management
1943,S-1943,Event Budget Management
1944,S-1944,No title
1945,S-1945,Conference Management Service
1946,S-1946,Corporate Event Planning
1947,S-1947,Private Party Planning
1948,S-1948,Community Event Management
1949,S-1949,Private Party Planning
1950,S-1950,Outdoor Event Management
1951,S-1951,Annual General Meeting Management
1952,S-1952,Wedding Coordination Service
1953,S-1953,Corporate Retreat Organization
1954,S-1954,Concert Event Management
1955,S-1955,Corporate Training Events
1956,S-1956,Executive Event Coordination
1957,S-1957,Opening Ceremony Management
1958,S-1958,Event Videography Services
1959,S-1959,Custom Event Concept Design
1960,S-1960,No title
1961,S-1961,Innovation Summit Planning
1962,S-1962,Custom Event Concept Design
1963,S-1963,On-Site Event Coordination
1964,S-1964,No title
1965,S-1965,Lighting Design Services
1966,S-1966,Innovation Summit Planning
1967,S-1967,Event Budget Management
1968,S-1968,Trade Show Organization
1969,S-1969,No title
1970,S-1970,Client Appreciation Events
1971,S-1971,No title
1972,S-1972,Event Compliance & Permits
1973,S-1973,Roadshow Event Organization
1974,S-1974,Event Ticketing Management
1975,S-1975,Conference Management Service
1976,S-1976,Employee Engagement Events
1977,S-1977,Event Performance Analysis
1978,S-1978,No title
1979,S-1979,Conference Management Service
1980,S-1980,Event Transportation Management
1981,S-1981,Post-Event Reporting & Analysis
1982,S-1982,Audio & Visual Setup Service
1983,S-1983,No title
1984,S-1984,No title
1985,S-1985,Signage & Wayfinding Solutions
1986,S-1986,Wedding Coordination Service
1987,S-1987,Event Staffing Management
1988,S-1988,Event Decoration & Design
1989,S-1989,Roadshow Event Organization
1990,S-1990,Educational Event Planning
1991,S-1991,VIP Event Management
1992,S-1992,Exhibition Management Service
1993,S-1993,Host & MC Coordination
1994,S-1994,Event Scheduling & Planning
1995,S-1995,Corporate Training Events
1996,S-1996,Corporate Seminar Organization
1997,S-1997,Event Budget Management
1998,S-1998,No title
1999,S-1999,Sound System Management
2000,S-2000,Concert Event Management
2001,S-2001,Stage Design & Setup
2002,S-2002,RSVP Management Service
2003,S-2003,Event Security Management
2004,S-2004,Corporate Training Events
2005,S-2005,Event Logistics Management
2006,S-2006,Event Promotion & Marketing
2007,S-2007,Sustainable Event Management
2008,S-2008,Event Budget Management
2009,S-2009,Outdoor Event Management
2010,S-2010,Team Building Event Planning
2011,S-2011,Fundraising Event Planning
2012,S-2012,Outdoor Event Management
2013,S-2013,Event Logistics Management
2014,S-2014,No title
2015,S-2015,Event Compliance & Permits
2016,S-2016,Indoor Event Planning
2017,S-2017,Event Decoration & Design
2018,S-2018,Signage & Wayfinding Solutions
2019,S-2019,Event Content Production
2020,S-2020,Event Decoration & Design
2021,S-2021,Event Scheduling & Planning
2022,S-2022,Sports Event Organization
2023,S-2023,Venue Selection & Booking
2024,S-2024,No title
2025,S-2025,No title
2026,S-2026,Corporate Gala Organization
2027,S-2027,Fundraising Event Planning
2028,S-2028,No title
2029,S-2029,Conference Management Service
2030,S-2030,Event Content Production
2031,S-2031,Corporate Networking Events
2032,S-2032,Host & MC Coordination
2033,S-2033,Event Promotion & Marketing
2034,S-2034,Stage Design & Setup
2035,S-2035,Event Compliance & Permits
2036,S-2036,Sound System Management
2037,S-2037,Corporate Networking Events
2038,S-2038,No title
2039,S-2039,Press Conference Management
2040,S-2040,Educational Event Planning
2041,S-2041,Event Promotion & Marketing
2042,S-2042,Event Videography Services
2043,S-2043,Product Launch Organization
2044,S-2044,Executive Event Coordination
2045,S-2045,Event Ticketing Management
2046,S-2046,No title
2047,S-2047,Trade Show Organization
2048,S-2048,Exhibition Management Service
2049,S-2049,Corporate Seminar Organization
2050,S-2050,Workshop Planning Service
2051,S-2051,No title
2052,S-2052,Corporate Networking Events
2053,S-2053,Corporate Networking Events
2054,S-2054,Corporate Gala Organization
2055,S-2055,Lighting Design Services
2056,S-2056,Brand Activation Events
2057,S-2057,No title
2058,S-2058,Sports Event Organization
2059,S-2059,Corporate Training Events
2060,S-2060,Outdoor Event Management
2061,S-2061,Sports Event Organization
2062,S-2062,Award Ceremony Management
2063,S-2063,No title
2064,S-2064,Event Photography Services
2065,S-2065,Event Compliance & Permits
2066,S-2066,Closing Ceremony Organization
2067,S-2067,Event Decoration & Design
2068,S-2068,Signage & Wayfinding Solutions
2069,S-2069,No title
2070,S-2070,Outdoor Event Management
2071,S-2071,Custom Event Concept Design
2072,S-2072,Event Staffing Management
2073,S-2073,Post-Event Reporting & Analysis
2074,S-2074,Event Decoration & Design
2075,S-2075,Team Building Event Planning
2076,S-2076,Event Staffing Management
2077,S-2077,Exhibition Management Service
2078,S-2078,Brand Activation Events
2079,S-2079,Live Streaming Event Services
2080,S-2080,Event Content Production
2081,S-2081,Corporate Retreat Organization
2082,S-2082,Event Feedback Collection
2083,S-2083,Networking Cocktail Events
2084,S-2084,Protocol & Hospitality Services
2085,S-2085,Employee Engagement Events
2086,S-2086,Venue Selection & Booking
2087,S-2087,Event Promotion & Marketing
2088,S-2088,Luxury Wedding Planning
2089,S-2089,Risk Management for Events
2090,S-2090,No title
2091,S-2091,Trade Show Organization
2092,S-2092,Corporate Event Planning
2093,S-2093,Event Insurance Coordination
2094,S-2094,Community Event Management
2095,S-2095,Exhibition Management Service
2096,S-2096,Team Building Event Planning
2097,S-2097,Live Streaming Event Services
2098,S-2098,Educational Event Planning
2099,S-2099,Event Transportation Management
2100,S-2100,Outdoor Event Management
2101,S-2101,Event Decoration & Design
2102,S-2102,Corporate Gala Organization
2103,S-2103,Supplier Coordination Service
2104,S-2104,Supplier Coordination Service
2105,S-2105,Event Feedback Collection
2106,S-2106,No title
2107,S-2107,Executive Event Coordination
2108,S-2108,Press Conference Management
2109,S-2109,Workshop Planning Service
2110,S-2110,Trade Show Organization
2111,S-2111,Sound System Management
2112,S-2112,Event Decoration & Design
2113,S-2113,Conference Management Service
2114,S-2114,VIP Guest Handling Service
2115,S-2115,Product Launch Organization
2116,S-2116,Supplier Coordination Service
2117,S-2117,Annual General Meeting Management
2118,S-2118,Full-Service Event Management
2119,S-2119,No title
2120,S-2120,Startup Pitch Event Organization
2121,S-2121,No title
2122,S-2122,Roadshow Event Organization
2123,S-2123,Custom Event Concept Design
2124,S-2124,VIP Event Management
2125,S-2125,Press Conference Management
2126,S-2126,Event Branding Services
2127,S-2127,Risk Management for Events
2128,S-2128,Sound System Management
2129,S-2129,Employee Engagement Events
2130,S-2130,No title
2131,S-2131,No title
2132,S-2132,Fundraising Event Planning
2133,S-2133,No title
2134,S-2134,Event Feedback Collection
2135,S-2135,Event Ticketing Management
2136,S-2136,No title
2137,S-2137,Product Launch Organization
2138,S-2138,Closing Ceremony Organization
2139,S-2139,No title
2140,S-2140,Trade Show Organization
2141,S-2141,Roadshow Event Organization
2142,S-2142,Team Building Event Planning
2143,S-2143,Roadshow Event Organization
2144,S-2144,Innovation Summit Planning
2145,S-2145,Team Building Event Planning
2146,S-2146,Event Compliance & Permits
2147,S-2147,Stage Design & Setup
2148,S-2148,VIP Event Management
2149,S-2149,Event Staffing Management
2150,S-2150,Virtual Event Production
2151,S-2151,Virtual Event Production
2152,S-2152,Community Event Management
2153,S-2153,Private Party Planning
2154,S-2154,No title
2155,S-2155,Fundraising Event Planning
2156,S-2156,Press Conference Management
2157,S-2157,Event Photography Services
2158,S-2158,No title
2159,S-2159,Lighting Design Services
2160,S-2160,No title
2161,S-2161,Event Decoration & Design
2162,S-2162,Fundraising Event Planning
2163,S-2163,VIP Event Management
2164,S-2164,Protocol & Hospitality Services
2165,S-2165,Event Logistics Management
2166,S-2166,Corporate Retreat Organization
2167,S-2167,No title
2168,S-2168,Corporate Seminar Organization
2169,S-2169,Conference Management Service
2170,S-2170,No title
2171,S-2171,No title
2172,S-2172,Audio & Visual Setup Service
2173,S-2173,Risk Management for Events
2174,S-2174,Event Transportation Management
2175,S-2175,No title
2176,S-2176,Annual General Meeting Management
2177,S-2177,Conference Management Service
2178,S-2178,Event Decoration & Design
2179,S-2179,VIP Guest Handling Service
2180,S-2180,Networking Cocktail Events
2181,S-2181,No title
2182,S-2182,Client Appreciation Events
2183,S-2183,Event Budget Management
2184,S-2184,Trade Show Organization
2185,S-2185,Event Compliance & Permits
2186,S-2186,Event Budget Management
2187,S-2187,Fundraising Event Planning
2188,S-2188,Team Building Event Planning
2189,S-2189,Event Logistics Management
2190,S-2190,Indoor Event Planning
2191,S-2191,Guest Registration Management
2192,S-2192,No title
2193,S-2193,No title
2194,S-2194,Stage Design & Setup
2195,S-2195,Corporate Seminar Organization
2196,S-2196,RSVP Management Service
2197,S-2197,Virtual Event Production
2198,S-2198,Tech Conference Management
2199,S-2199,Corporate Training Events
2200,S-2200,Client Appreciation Events
2201,S-2201,Press Conference Management
2202,S-2202,Team Building Event Planning
2203,S-2203,Event Branding Services
2204,S-2204,Product Demonstration Events
2205,S-2205,Indoor Event Planning
2206,S-2206,No title
2207,S-2207,Community Event Management
2208,S-2208,Post-Event Reporting & Analysis
2209,S-2209,VIP Event Management
2210,S-2210,Event Security Management
2211,S-2211,Opening Ceremony Management
2212,S-2212,Lighting Design Services
2213,S-2213,Sustainable Event Management
2214,S-2214,Full-Service Event Management
2215,S-2215,Event Decoration & Design
2216,S-2216,Corporate Event Planning
2217,S-2217,Event Staffing Management
2218,S-2218,No title
2219,S-2219,Closing Ceremony Organization
2220,S-2220,Event Transportation Management
2221,S-2221,Green Event Planning
2222,S-2222,No title
2223,S-2223,Outdoor Event Management
2224,S-2224,Full-Service Event Management
2225,S-2225,Concert Event Management
2226,S-2226,Virtual Event Production
2227,S-2227,Wedding Coordination Service
2228,S-2228,Workshop Planning Service
2229,S-2229,Luxury Event Planning
2230,S-2230,Exhibition Management Service
2231,S-2231,Custom Event Concept Design
2232,S-2232,Event Ticketing Management
2233,S-2233,Full-Service Event Management
2234,S-2234,No title
2235,S-2235,Guest Experience Optimization
2236,S-2236,Host & MC Coordination
2237,S-2237,Full-Service Event Management
2238,S-2238,Exhibition Management Service
2239,S-2239,Risk Management for Events
2240,S-2240,Stage Design & Setup
2241,S-2241,Corporate Retreat Organization
2242,S-2242,Event Staffing Management
2243,S-2243,Private Party Planning
2244,S-2244,No title
2245,S-2245,Risk Management for Events
2246,S-2246,Green Event Planning
2247,S-2247,Cultural Event Coordination
2248,S-2248,Host & MC Coordination
2249,S-2249,Exhibition Management Service
2250,S-2250,Outdoor Event Management
2251,S-2251,Brand Activation Events
2252,S-2252,Employee Engagement Events
2253,S-2253,Lighting Design Services
2254,S-2254,Product Launch Organization
2255,S-2255,Virtual Event Production
2256,S-2256,Closing Ceremony Organization
2257,S-2257,Luxury Event Planning
2258,S-2258,No title
2259,S-2259,VIP Event Management
2260,S-2260,Custom Event Concept Design
2261,S-2261,No title
2262,S-2262,Sustainable Event Management
2263,S-2263,Event Feedback Collection
2264,S-2264,Private Party Planning
2265,S-2265,Exhibition Management Service
2266,S-2266,Host & MC Coordination
2267,S-2267,No title
2268,S-2268,Event Videography Services
2269,S-2269,Concert Event Management
2270,S-2270,Guest Experience Optimization
2271,S-2271,Event Branding Services
2272,S-2272,Hybrid Event Management
2273,S-2273,Supplier Coordination Service
2274,S-2274,Conference Management Service
2275,S-2275,No title
2276,S-2276,Event Scheduling & Planning
2277,S-2277,Destination Event Management
2278,S-2278,Host & MC Coordination
2279,S-2279,Corporate Gala Organization
2280,S-2280,Live Streaming Event Services
2281,S-2281,Sound System Management
2282,S-2282,No title
2283,S-2283,Event Performance Analysis
2284,S-2284,Product Launch Organization
2285,S-2285,Event Decoration & Design
2286,S-2286,Full-Service Event Management
2287,S-2287,Sports Event Organization
2288,S-2288,Full-Service Event Management
2289,S-2289,No title
2290,S-2290,Startup Pitch Event Organization
2291,S-2291,Event Logistics Management
2292,S-2292,Product Demonstration Events
2293,S-2293,Press Conference Management
2294,S-2294,Annual General Meeting Management
2295,S-2295,Corporate Gala Organization
2296,S-2296,Trade Show Organization
2297,S-2297,Event Crisis Management
2298,S-2298,No title
2299,S-2299,Product Launch Organization
2300,S-2300,Supplier Coordination Service
2301,S-2301,Corporate Networking Events
2302,S-2302,Roadshow Event Organization
2303,S-2303,Private Party Planning
2304,S-2304,Startup Pitch Event Organization
2305,S-2305,Sports Event Organization
2306,S-2306,Guest Registration Management
2307,S-2307,No title
2308,S-2308,Charity Event Organization
2309,S-2309,No title
2310,S-2310,Festival Planning & Coordination
2311,S-2311,Outdoor Event Management
2312,S-2312,Employee Engagement Events
2313,S-2313,VIP Event Management
2314,S-2314,Trade Show Organization
2315,S-2315,Corporate Retreat Organization
2316,S-2316,VIP Guest Handling Service
2317,S-2317,Exhibition Management Service
2318,S-2318,RSVP Management Service
2319,S-2319,Event Security Management
2320,S-2320,Event Transportation Management
2321,S-2321,Event Content Production
2322,S-2322,Corporate Retreat Organization
2323,S-2323,Team Building Event Planning
2324,S-2324,After-Event Cleanup Coordination
2325,S-2325,Host & MC Coordination
2326,S-2326,Virtual Event Production
2327,S-2327,Event Staffing Management
2328,S-2328,Roadshow Event Organization
2329,S-2329,Workshop Planning Service
2330,S-2330,Event Transportation Management
2331,S-2331,Tech Conference Management
2332,S-2332,Virtual Event Production
2333,S-2333,Event Photography Services
2334,S-2334,Green Event Planning
2335,S-2335,Executive Event Coordination
2336,S-2336,No title
2337,S-2337,Networking Cocktail Events
2338,S-2338,RSVP Management Service
2339,S-2339,Event Crisis Management
2340,S-2340,No title
2341,S-2341,Virtual Event Production
2342,S-2342,Event Videography Services
2343,S-2343,Signage & Wayfinding Solutions
2344,S-2344,Sound System Management
2345,S-2345,No title
2346,S-2346,Outdoor Event Management
2347,S-2347,Closing Ceremony Organization
2348,S-2348,Product Demonstration Events
2349,S-2349,Conference Management Service
2350,S-2350,No title
2351,S-2351,Corporate Seminar Organization
2352,S-2352,Sports Event Organization
2353,S-2353,No title
2354,S-2354,No title
2355,S-2355,VIP Event Management
2356,S-2356,Event Budget Management
2357,S-2357,Corporate Event Planning
2358,S-2358,Custom Event Concept Design
2359,S-2359,No title
2360,S-2360,Destination Event Management
2361,S-2361,Concert Event Management
2362,S-2362,Post-Event Reporting & Analysis
2363,S-2363,No title
2364,S-2364,No title
2365,S-2365,Corporate Gala Organization
2366,S-2366,Green Event Planning
2367,S-2367,Audio & Visual Setup Service
2368,S-2368,Guest Experience Optimization
2369,S-2369,Live Streaming Event Services
2370,S-2370,Event Promotion & Marketing
2371,S-2371,Event Videography Services
2372,S-2372,Event Promotion & Marketing
2373,S-2373,On-Site Event Coordination
2374,S-2374,Event Feedback Collection
2375,S-2375,Award Ceremony Management
2376,S-2376,Award Ceremony Management
2377,S-2377,No title
2378,S-2378,Event Security Management
2379,S-2379,Wedding Coordination Service
2380,S-2380,VIP Guest Handling Service
2381,S-2381,Fundraising Event Planning
2382,S-2382,No title
2383,S-2383,Event Feedback Collection
2384,S-2384,Corporate Event Planning
2385,S-2385,Concert Event Management
2386,S-2386,Concert Event Management
2387,S-2387,Brand Activation Events
2388,S-2388,Concert Event Management
2389,S-2389,No title
2390,S-2390,No title
2391,S-2391,Networking Cocktail Events
2392,S-2392,Client Appreciation Events
2393,S-2393,Tech Conference Management
2394,S-2394,Client Appreciation Events
2395,S-2395,Award Ceremony Management
2396,S-2396,No title
2397,S-2397,Community Event Management
2398,S-2398,Wedding Coordination Service
2399,S-2399,Innovation Summit Planning
2400,S-2400,No title
2401,S-2401,Corporate Event Planning
2402,S-2402,No title
2403,S-2403,Networking Cocktail Events
2404,S-2404,Luxury Event Planning
2405,S-2405,Lighting Design Services
2406,S-2406,Event Insurance Coordination
2407,S-2407,VIP Event Management
2408,S-2408,Concert Event Management
2409,S-2409,VIP Event Management
2410,S-2410,Sustainable Event Management
2411,S-2411,Annual General Meeting Management
2412,S-2412,Product Launch Organization
2413,S-2413,Event Staffing Management
2414,S-2414,Event Budget Management
2415,S-2415,Festival Planning & Coordination
2416,S-2416,After-Event Cleanup Coordination
2417,S-2417,Event Photography Services
2418,S-2418,Event Staffing Management
2419,S-2419,Sustainable Event Management
2420,S-2420,No title
2421,S-2421,Stage Design & Setup
2422,S-2422,Full-Service Event Management
2423,S-2423,Full-Service Event Management
2424,S-2424,RSVP Management Service
2425,S-2425,Corporate Networking Events
2426,S-2426,On-Site Event Coordination
2427,S-2427,Charity Event Organization
2428,S-2428,No title
2429,S-2429,Tech Conference Management
2430,S-2430,Product Launch Organization
2431,S-2431,Host & MC Coordination
2432,S-2432,Guest Experience Optimization
2433,S-2433,Outdoor Event Management
2434,S-2434,RSVP Management Service
2435,S-2435,Lighting Design Services
2436,S-2436,RSVP Management Service
2437,S-2437,Host & MC Coordination
2438,S-2438,Exhibition Management Service
2439,S-2439,Event Content Production
2440,S-2440,Corporate Networking Events
2441,S-2441,No title
2442,S-2442,Luxury Event Planning
2443,S-2443,Event Branding Services
2444,S-2444,No title
2445,S-2445,Concert Event Management
2446,S-2446,After-Event Cleanup Coordination
2447,S-2447,No title
2448,S-2448,Lighting Design Services
2449,S-2449,Signage & Wayfinding Solutions
2450,S-2450,On-Site Event Coordination
2451,S-2451,Startup Pitch Event Organization
2452,S-2452,Green Event Planning
2453,S-2453,Client Appreciation Events
2454,S-2454,Fundraising Event Planning
2455,S-2455,Exhibition Management Service
2456,S-2456,Award Ceremony Management
2457,S-2457,Event Logistics Management
2458,S-2458,Event Ticketing Management
2459,S-2459,No title
2460,S-2460,Event Transportation Management
2461,S-2461,Live Streaming Event Services
2462,S-2462,Live Streaming Event Services
2463,S-2463,Signage & Wayfinding Solutions
2464,S-2464,Opening Ceremony Management
2465,S-2465,Live Streaming Event Services
2466,S-2466,Event Content Production
2467,S-2467,Educational Event Planning
2468,S-2468,Workshop Planning Service
2469,S-2469,Host & MC Coordination
2470,S-2470,Product Demonstration Events
2471,S-2471,Charity Event Organization
2472,S-2472,No title
2473,S-2473,Post-Event Reporting & Analysis
2474,S-2474,Corporate Retreat Organization
2475,S-2475,Risk Management for Events
2476,S-2476,Opening Ceremony Management
2477,S-2477,Audio & Visual Setup Service
2478,S-2478,Sound System Management
2479,S-2479,Educational Event Planning
2480,S-2480,No title
2481,S-2481,Live Streaming Event Services
2482,S-2482,Protocol & Hospitality Services
2483,S-2483,Festival Planning & Coordination
2484,S-2484,Sound System Management
2485,S-2485,Luxury Wedding Planning
2486,S-2486,Festival Planning & Coordination
2487,S-2487,Festival Planning & Coordination
2488,S-2488,No title
2489,S-2489,No title
2490,S-2490,No title
2491,S-2491,Event Budget Management
2492,S-2492,No title
2493,S-2493,Signage & Wayfinding Solutions
2494,S-2494,Press Conference Management
2495,S-2495,Protocol & Hospitality Services
2496,S-2496,Brand Activation Events
2497,S-2497,Event Photography Services
2498,S-2498,Event Decoration & Design
2499,S-2499,Sustainable Event Management
2500,S-2500,Event Content Production
